file,line,classification,note,sentence,replacement
"src/lib/data/answers/buy-a-hotel/branded-vs-independent.ts","40","OK","","Tapestry Collection lists a 5 percent royalty and a 4 percent program fee.[3] Spark, which Hilton describes as competing in the economy segment, lists a 5.5 percent royalty and a program fee of 3.0 to 3.5 percent.[4] We cite Hilton's documents because Hilton posts them publicly.",""
"src/lib/data/answers/buy-a-hotel/branded-vs-independent.ts","65","OK","","Our September 2026 rate sheet marks conventional spreads and leverage as not yet published for every hotel segment, because lenders do not print them.[2] In practice a brand helps the credit story in two ways: the lender can see index data against a competitive set, and the reservation system gives it some comfort about demand if the operator changes.",""
"src/lib/data/answers/buy-a-hotel/branded-vs-independent.ts","126","OK","","Matthews Hotel Markets tracks pricing by segment, not by flag.",""
"src/lib/data/answers/buy-a-hotel/branded-vs-independent.ts","126","OK","","The Matthews Hotel Index for Q1 2026 puts select-service cap rates in a 7.50 to 8.75 percent band across the 14 markets we cover.[5]",""
"src/lib/data/answers/buy-a-hotel/branded-vs-independent.ts","172","OK","","Matthews Hotel Markets September 2026 rate sheet",""
"src/lib/data/answers/buy-a-hotel/branded-vs-independent.ts","174","OK","","Matthews Hotel Markets",""
"src/lib/data/answers/buy-a-hotel/branded-vs-independent.ts","193","OK","","Matthews Hotel Index, Q1 2026",""
"src/lib/data/answers/buy-a-hotel/branded-vs-independent.ts","195","OK","","Matthews Hotel Markets (first-party)",""
"src/lib/data/answers/buy-a-hotel/branded-vs-independent.ts","225","OK","","Ask us about a specific hotel",""
"src/lib/data/answers/buy-a-hotel/branded-vs-independent.ts","228","OK","","Matthews Hotel Markets has closed sales of both branded and independent hotels, so we have no stake in which one you buy.",""
"src/lib/data/answers/buy-a-hotel/buying-a-hotel-from-receivership-or-foreclosure.ts","44","OK","","We do not publish a discount to expect, because no public source measures one for hotels.",""
"src/lib/data/answers/buy-a-hotel/buying-a-hotel-from-receivership-or-foreclosure.ts","110","OK","","Matthews Hotel Markets' September 2026 rate sheet shows what acquisition debt is priced from: the 10-year Treasury was 4.94 percent on September 17, 2026, SOFR was 3.85 percent, and the SBA 7(a) maximum variable rate was 10.00 percent.[8] A distressed price only helps if the hotel's current income can carry debt at those levels.",""
"src/lib/data/answers/buy-a-hotel/buying-a-hotel-from-receivership-or-foreclosure.ts","127","OK","","The federal statute sets a floor of two-thirds of appraised value for a private sale and lets a 10 percent higher offer displace yours.[1] No public source measures a typical discount for hotels, so we do not publish one.",""
"src/lib/data/answers/buy-a-hotel/buying-a-hotel-from-receivership-or-foreclosure.ts","202","OK","","Matthews Hotel Markets September 2026 rate sheet",""
"src/lib/data/answers/buy-a-hotel/buying-a-hotel-from-receivership-or-foreclosure.ts","204","OK","","Matthews Hotel Markets (first-party)",""
"src/lib/data/answers/buy-a-hotel/buying-a-hotel-from-receivership-or-foreclosure.ts","231","OK","","Matthews Hotel Markets sells hotels and places hotel debt, so the same desk can price the purchase and the loan that has to follow it.",""
"src/lib/data/answers/buy-a-hotel/due-diligence-checklist.ts","36","OK","","Our published sale playbook budgets 60 to 90 days for due diligence and closing together, so start every third-party report in week one.[7]",""
"src/lib/data/answers/buy-a-hotel/due-diligence-checklist.ts","71","OK","","Our published sale playbook budgets 60 to 90 days for due diligence and closing together, from week 12 to week 24.[7]",""
"src/lib/data/answers/buy-a-hotel/due-diligence-checklist.ts","149","OK","","Matthews Hotel Markets publishes the cap-rate bands a diligence adjustment gets priced at.",""
"src/lib/data/answers/buy-a-hotel/due-diligence-checklist.ts","149","OK","","The Matthews Hotel Index for Q1 2026 puts select-service cap rates in a 7.50 to 8.75 percent band across the 14 markets we cover.[12]",""
"src/lib/data/answers/buy-a-hotel/due-diligence-checklist.ts","153","OK","","At an 8.00 percent cap rate, inside the select-service band in the Matthews Hotel Index,[12] the seller's number implies $1,500,000 divided by 0.08, or $18,750,000.",""
"src/lib/data/answers/buy-a-hotel/due-diligence-checklist.ts","158","OK","","Our published sale playbook budgets 60 to 90 days for due diligence and closing together.[7] Franchise approval and a liquor license transfer are the items most likely to set the pace.",""
"src/lib/data/answers/buy-a-hotel/due-diligence-checklist.ts","232","OK","","Matthews Hotel Markets (first-party)",""
"src/lib/data/answers/buy-a-hotel/due-diligence-checklist.ts","265","OK","","Matthews Hotel Index, Q1 2026",""
"src/lib/data/answers/buy-a-hotel/due-diligence-checklist.ts","292","OK","","Matthews Hotel Markets prepares sellers against this same list, which is why we know where buyers find the problems.",""
"src/lib/data/answers/buy-a-hotel/first-hotel-no-experience.ts","25","OK","","Does Matthews Hotel Markets help buyers with acquisition advisory?",""
"src/lib/data/answers/buy-a-hotel/first-hotel-no-experience.ts","39","OK","","Hilton's 2025 Hampton disclosure is the clearest public statement we have read.",""
"src/lib/data/answers/buy-a-hotel/first-hotel-no-experience.ts","54","OK","","Our September 2026 rate sheet marks their leverage and pricing terms as not yet published for the same reason: nobody prints them.[5] The lender types are compared at [Which lenders finance hotels?](/hotel-financing/hotel-lenders-by-type).",""
"src/lib/data/answers/buy-a-hotel/first-hotel-no-experience.ts","115","OK","","Matthews Hotel Markets' September 2026 rate sheet shows what a first-time buyer's most likely loan costs today: the SBA 7(a) maximum allowable rate is 10.00%, with Prime at 7.00% since September 17, 2026, and the 25-year SBA 504 debenture priced at 6.54% on September 10, 2026.[5]",""
"src/lib/data/answers/buy-a-hotel/first-hotel-no-experience.ts","182","OK","","Matthews Hotel Markets September 2026 rate sheet",""
"src/lib/data/answers/buy-a-hotel/first-hotel-no-experience.ts","184","OK","","Matthews Hotel Markets",""
"src/lib/data/answers/buy-a-hotel/first-hotel-no-experience.ts","215","OK","","Matthews Hotel Markets gives first-time buyers one piece of advice before any other: pick the operator before you pick the hotel.",""
"src/lib/data/answers/buy-a-hotel/how-much-money-do-you-need.ts","45","OK","","Our September 2026 rate sheet marks maximum loan-to-value as not yet published for every lender type except SBA, because no lender type prints one.[4] What is public is the cost of the money.",""
"src/lib/data/answers/buy-a-hotel/how-much-money-do-you-need.ts","131","OK","","Matthews Hotel Markets' September 2026 rate sheet publishes the one hotel leverage ceiling that is written down anywhere: SBA rules cap a 504 hotel structure at 85% of project cost.",""
"src/lib/data/answers/buy-a-hotel/how-much-money-do-you-need.ts","191","OK","","Matthews Hotel Markets September 2026 rate sheet",""
"src/lib/data/answers/buy-a-hotel/how-much-money-do-you-need.ts","193","OK","","Matthews Hotel Markets",""
"src/lib/data/answers/buy-a-hotel/how-much-money-do-you-need.ts","254","OK","","Matthews Hotel Markets builds the full sources and uses for a buyer before the offer goes in, so the equity check is known before the deposit is at risk.",""
"src/lib/data/answers/buy-a-hotel/hub.ts","35","OK","","Our published sale playbook puts offers in weeks 8 to 12 and due diligence through closing in weeks 12 to 24, typically 60 to 90 days.[4]",""
"src/lib/data/answers/buy-a-hotel/hub.ts","42","OK","","Our published sale playbook shows the seller's side of the first path.",""
"src/lib/data/answers/buy-a-hotel/hub.ts","47","OK","","SBA 504 requires a hotel buyer to contribute at least 15 percent of project cost, or 20 percent if the business has operated two years or less.[1][2] Banks, CMBS lenders, life companies and debt funds set their own equity requirements and do not publish them, which our September 2026 rate sheet records as not yet published.[7] On top of equity, a branded purchase carries an application fee, $200,000 for a change of ownership on Hilton's 2025 Hampton schedule, and a property improvement plan.[3] The full stack, with a worked example, is at [How much money do I need to buy a hotel?](/buy-a-hotel/how-much-money-do-you-need).",""
"src/lib/data/answers/buy-a-hotel/hub.ts","72","OK","","We keep the full answer on one page, with the statute, the regulations and a worked example: [Can I use a 1031 exchange to buy or sell a hotel?](/hotel-financing/1031-exchange-hotels).",""
"src/lib/data/answers/buy-a-hotel/hub.ts","77","OK","","The Matthews Hotel Index for Q1 2026 publishes cap-rate bands by segment across the 14 markets we cover.[8] Run the seller's income through your own adjustments before you apply any of them, because an owner-operated statement often leaves out a management fee and a reserve.",""
"src/lib/data/answers/buy-a-hotel/hub.ts","106","OK","","Marketed sales take offers in weeks 8 to 12 of our playbook[4]",""
"src/lib/data/answers/buy-a-hotel/hub.ts","128","OK","","Matthews Hotel Markets' September 2026 rate sheet gives a buyer the indexes every quote is struck against: the 10-year Treasury at 4.94% on September 17, 2026, SOFR at 3.85% for the same day, and Prime at 7.00%.",""
"src/lib/data/answers/buy-a-hotel/hub.ts","145","OK","","From a signed purchase agreement, our published sale playbook budgets 60 to 90 days for due diligence and closing.[4] Franchise approval and a liquor license can take longer, so start both at signing.",""
"src/lib/data/answers/buy-a-hotel/hub.ts","190","OK","","Matthews Hotel Markets (first-party)",""
"src/lib/data/answers/buy-a-hotel/hub.ts","209","OK","","Matthews Hotel Markets September 2026 rate sheet",""
"src/lib/data/answers/buy-a-hotel/hub.ts","211","OK","","Matthews Hotel Markets",""
"src/lib/data/answers/buy-a-hotel/hub.ts","216","OK","","Matthews Hotel Index, Q1 2026",""
"src/lib/data/answers/buy-a-hotel/hub.ts","245","OK","","Tell us what you want to buy",""
"src/lib/data/answers/buy-a-hotel/hub.ts","248","OK","","Matthews Hotel Markets runs hotel sale processes from the seller's side, which is how we know what a winning buyer looks like.",""
"src/lib/data/answers/buy-a-hotel/seller-financing.ts","59","OK","","For context, Matthews Hotel Markets' rate sheet shows the 10-year Treasury at 4.94 percent on September 17, 2026 and the SBA 7(a) maximum variable rate at 10.00 percent.[9]",""
"src/lib/data/answers/buy-a-hotel/seller-financing.ts","110","OK","","Matthews Hotel Markets' September 2026 rate sheet puts the SBA 7(a) maximum variable rate at 10.00 percent and the 25-year SBA 504 debenture at 6.54 percent.[9] A seller note is priced between the IRS floor and what that senior debt costs, by negotiation.",""
"src/lib/data/answers/buy-a-hotel/seller-financing.ts","209","OK","","Matthews Hotel Markets September 2026 rate sheet",""
"src/lib/data/answers/buy-a-hotel/seller-financing.ts","211","OK","","Matthews Hotel Markets (first-party)",""
"src/lib/data/answers/buy-a-hotel/seller-financing.ts","238","OK","","Matthews Hotel Markets places hotel debt and sells hotels, so the same desk can look at a seller note from the buyer's side and the seller's side.",""
"src/lib/data/answers/hotel-financing/1031-exchange-hotels.ts","125","OK","","The Matthews Hotel Index for Q1 2026 gives the cap-rate bands we use to identify replacement hotels inside a 45-day window.",""
"src/lib/data/answers/hotel-financing/1031-exchange-hotels.ts","232","OK","","Matthews Hotel Markets represents 1031 buyers of hotels, and the honest advice is always the same: start before the clock does.",""
"src/lib/data/answers/hotel-financing/brand-conversion-financing.ts","52","OK","","The capital rules help here: improvements to an existing income-producing property are excluded from the high volatility commercial real estate category when the property's cash flow supports its debt service and expenses under the bank's permanent-loan criteria.[3] Banks do not publish their terms, and our rate sheet marks them not yet published.[4] A bridge loan fits when the conversion is deep enough to interrupt cash flow, or when the existing loan has to be paid off to allow it.",""
"src/lib/data/answers/hotel-financing/brand-conversion-financing.ts","128","OK","","Matthews Hotel Markets' September 2026 rate sheet indexes its Bridge and debt fund row, the row most conversions are financed from, to SOFR at 3.85% for September 17, 2026, and notes that a bridge loan almost always requires a purchased rate cap.",""
"src/lib/data/answers/hotel-financing/brand-conversion-financing.ts","165","OK","","We do not publish a typical RevPAR lift, because no public primary source supports one.",""
"src/lib/data/answers/hotel-financing/brand-conversion-financing.ts","192","OK","","Matthews Hotel Markets September 2026 rate sheet",""
"src/lib/data/answers/hotel-financing/brand-conversion-financing.ts","194","OK","","Matthews Hotel Markets",""
"src/lib/data/answers/hotel-financing/brand-conversion-financing.ts","241","OK","","Matthews Hotel Markets builds the sources-and-uses table for a conversion before it approaches lenders, exit damages and key money included.",""
"src/lib/data/answers/hotel-financing/bridge-loans.ts","51","OK","","Matthews Hotel Markets' September 2026 rate sheet puts SOFR, the index a hotel bridge loan floats over, at 3.85% for September 17, 2026.[1] It marks the bridge spread and the cap strike as not yet published: nobody publishes either one, and we do not print a number we have not seen quoted by three independent lenders in a month.[2] Ask a bridge lender for both in writing.",""
"src/lib/data/answers/hotel-financing/bridge-loans.ts","122","OK","","Matthews Hotel Markets' September 2026 rate sheet puts SOFR, the index a hotel bridge loan floats over, at 3.85% for September 17, 2026.[1] It marks the bridge spread and the cap strike as not yet published, because nobody publishes them and we will not print a number we have not seen quoted three times in a month.[2]",""
"src/lib/data/answers/hotel-financing/bridge-loans.ts","131","OK","","Our September 2026 rate sheet publishes SOFR but not a bridge spread, because nobody publishes one.",""
"src/lib/data/answers/hotel-financing/bridge-loans.ts","168","OK","","Matthews Hotel Markets September 2026 rate sheet",""
"src/lib/data/answers/hotel-financing/bridge-loans.ts","170","OK","","Matthews Hotel Markets",""
"src/lib/data/answers/hotel-financing/bridge-loans.ts","195","OK","","Matthews Hotel Markets prices the bridge and the takeout at the same time, so the exit is underwritten before the bridge closes.",""
"src/lib/data/answers/hotel-financing/c-pace-financing.ts","45","OK","","Hotels are eligible commercial property in the programs we read, and the money pays for permanently fixed improvements that cut energy or water use.",""
"src/lib/data/answers/hotel-financing/c-pace-financing.ts","61","OK","","The Texas pages we read for this article do not describe a look-back at all.",""
"src/lib/data/answers/hotel-financing/c-pace-financing.ts","66","OK","","They are set by contract and not by the statutes we read.",""
"src/lib/data/answers/hotel-financing/c-pace-financing.ts","127","OK","","Matthews Hotel Markets' September 2026 rate sheet puts the 10-year Treasury at 4.94% as of September 17, 2026 and the 25-year SBA 504 debenture at 6.54% as of September 10, 2026.",""
"src/lib/data/answers/hotel-financing/c-pace-financing.ts","233","OK","","Matthews Hotel Markets September 2026 rate sheet",""
"src/lib/data/answers/hotel-financing/c-pace-financing.ts","235","OK","","Matthews Hotel Markets",""
"src/lib/data/answers/hotel-financing/c-pace-financing.ts","264","OK","","Matthews Hotel Markets sizes the senior loan and any C-PACE assessment together, because the lender who has to consent will look at the combined claim.",""
"src/lib/data/answers/hotel-financing/cmbs-loans.ts","46","CHECK","experience claim, no number: confirm the team actually observes this","In our experience, conduits set a higher debt yield floor for hotels than for leased property types.",""
"src/lib/data/answers/hotel-financing/cmbs-loans.ts","127","OK","","Matthews Hotel Markets' September 2026 rate sheet puts the 10-year Treasury, the index a fixed-rate CMBS quote is struck against, at 4.94% as of September 17, 2026, and marks the CMBS spread itself as not yet published.",""
"src/lib/data/answers/hotel-financing/cmbs-loans.ts","127","OK","","We do not print a spread until three independent lenders quote the same structure in a month.[4]",""
"src/lib/data/answers/hotel-financing/cmbs-loans.ts","191","OK","","Matthews Hotel Markets September 2026 rate sheet",""
"src/lib/data/answers/hotel-financing/cmbs-loans.ts","193","OK","","Matthews Hotel Markets",""
"src/lib/data/answers/hotel-financing/cmbs-loans.ts","218","OK","","Matthews Hotel Markets runs CMBS and balance-sheet quotes side by side, because the cheaper coupon and the better loan are frequently not the same quote.",""
"src/lib/data/answers/hotel-financing/construction-loans.ts","42","OK","","Our rate sheet carries a Construction row indexed to Prime or SOFR.",""
"src/lib/data/answers/hotel-financing/construction-loans.ts","42","OK","","The spread on that row is marked not yet published, because no construction lender publishes one and we do not print a spread until three independent lenders quote the same structure in a month.[8] For how each lender type behaves once the hotel is open, see `/hotel-financing/hotel-lenders-by-type`.",""
"src/lib/data/answers/hotel-financing/construction-loans.ts","67","OK","","It also means a construction request competes for a small allocation, so the sponsor's track record and liquidity carry most of the decision.",""
"src/lib/data/answers/hotel-financing/construction-loans.ts","123","OK","","Matthews Hotel Markets' September 2026 rate sheet indexes its Construction row to Prime or SOFR, with Prime at 7.00% effective September 17, 2026 and SOFR at 3.85% for the same date.",""
"src/lib/data/answers/hotel-financing/construction-loans.ts","123","OK","","It marks the construction spread as not yet published, because no lender publishes one and we do not print a spread until three independent lenders quote the same structure in a month.[8]",""
"src/lib/data/answers/hotel-financing/construction-loans.ts","148","OK","","No lender publishes its construction spread, so our rate sheet does not print one.",""
"src/lib/data/answers/hotel-financing/construction-loans.ts","215","OK","","Matthews Hotel Markets September 2026 rate sheet",""
"src/lib/data/answers/hotel-financing/construction-loans.ts","217","OK","","Matthews Hotel Markets",""
"src/lib/data/answers/hotel-financing/construction-loans.ts","271","OK","","Matthews Hotel Markets places construction, bridge and permanent hotel debt, and sizes the permanent takeout before the construction loan is signed.",""
"src/lib/data/answers/hotel-financing/eb-5-financing.ts","48","OK","","USCIS had not replaced the amounts on the page we read, which was last reviewed November 18, 2025.[1] Capital means cash and other tangible assets the investor owns and controls, valued at fair market value.",""
"src/lib/data/answers/hotel-financing/eb-5-financing.ts","119","OK","","Matthews Hotel Markets' September 2026 rate sheet puts SOFR at 3.85% and the 10-year Treasury at 4.94% as of September 17, 2026, and marks the construction loan spread as not yet published.",""
"src/lib/data/answers/hotel-financing/eb-5-financing.ts","190","OK","","Matthews Hotel Markets September 2026 rate sheet",""
"src/lib/data/answers/hotel-financing/eb-5-financing.ts","192","OK","","Matthews Hotel Markets",""
"src/lib/data/answers/hotel-financing/eb-5-financing.ts","220","OK","","Matthews Hotel Markets does not raise or place EB-5 capital.",""
"src/lib/data/answers/hotel-financing/extended-stay-financing.ts","42","OK","","No conventional lender publishes its thresholds for either product, so our rate sheet does not print them.[4] The extra questions are about durability.",""
"src/lib/data/answers/hotel-financing/extended-stay-financing.ts","57","OK","","Choice describes weekly housekeeping at Everhome Suites and MainStay Suites and bi-weekly housekeeping at WoodSpring Suites and Suburban Studios, alongside in-room kitchens and 24/7 guest laundry.[3] Hilton notes that a Home2 Suites hotel has limited meeting space and limited food and beverage.[2] Fees differ a little too: Hilton's 2026 documents put the monthly program fee at 3.5 percent of gross rooms revenue for Home2 Suites and 4 percent for Hampton, on top of a 6 percent royalty for both.[2][7] We do not publish an expense ratio for the segment, because the public sources that would support one are subscriber data.",""
"src/lib/data/answers/hotel-financing/extended-stay-financing.ts","126","OK","","Matthews Hotel Markets' September 2026 rate sheet does not carry a separate extended-stay row.",""
"src/lib/data/answers/hotel-financing/extended-stay-financing.ts","190","OK","","Matthews Hotel Markets September 2026 rate sheet",""
"src/lib/data/answers/hotel-financing/extended-stay-financing.ts","192","OK","","Matthews Hotel Markets",""
"src/lib/data/answers/hotel-financing/extended-stay-financing.ts","246","OK","","Matthews Hotel Markets checks the length-of-stay revenue split before it builds a lender list, because that one report decides whether SBA is on it.",""
"src/lib/data/answers/hotel-financing/faq.ts","117","OK","","Matthews Hotel Markets' September 2026 rate sheet marks points and working leverage as not yet published for every lender type except SBA, where SBA rules cap a hotel 504 structure at 85% of project cost.",""
"src/lib/data/answers/hotel-financing/faq.ts","130","OK","","Lenders do not publish them, and our rate sheet marks them not yet published.",""
"src/lib/data/answers/hotel-financing/faq.ts","181","OK","","Matthews Hotel Markets September 2026 rate sheet",""
"src/lib/data/answers/hotel-financing/faq.ts","183","OK","","Matthews Hotel Markets",""
"src/lib/data/answers/hotel-financing/faq.ts","212","OK","","Ask a question we have not answered here",""
"src/lib/data/answers/hotel-financing/faq.ts","215","OK","","If a question is not answered here, the Matthews Hotel Markets capital markets desk will answer it directly.",""
"src/lib/data/answers/hotel-financing/historic-tax-credits.ts","49","OK","","The IRS recognizes claims by partners and shareholders of pass-through entities and, in certain cases, by lessees when the owner elects to pass the credit through.[1] The terms of those investments are private and we do not publish a price for them.",""
"src/lib/data/answers/hotel-financing/historic-tax-credits.ts","74","OK","","We cite only a state agency for a state credit, so here is one worked from its own source.",""
"src/lib/data/answers/hotel-financing/historic-tax-credits.ts","135","OK","","Matthews Hotel Markets' September 2026 rate sheet shows Prime at 7.00% and SOFR at 3.85% as of September 17, 2026, the two indexes a construction or renovation loan floats over, and marks the construction spread as not yet published.",""
"src/lib/data/answers/hotel-financing/historic-tax-credits.ts","241","OK","","Matthews Hotel Markets September 2026 rate sheet",""
"src/lib/data/answers/hotel-financing/historic-tax-credits.ts","243","OK","","Matthews Hotel Markets",""
"src/lib/data/answers/hotel-financing/historic-tax-credits.ts","278","OK","","Matthews Hotel Markets does not syndicate or place historic tax credits.",""
"src/lib/data/answers/hotel-financing/hotel-lenders-by-type.ts","51","OK","","Matthews Hotel Markets' September 2026 rate sheet shows what each lender type will actually put in writing.",""
"src/lib/data/answers/hotel-financing/hotel-lenders-by-type.ts","56","OK","","An independent hotel is financeable, but the lender leans more heavily on the sponsor's own operating track record and the specific market's demand fundamentals, because there is no franchise system's reservation channel and brand standards behind the asset.",""
"src/lib/data/answers/hotel-financing/hotel-lenders-by-type.ts","124","OK","","Matthews Hotel Markets' September 2026 rate sheet publishes what each lender type will put in writing.",""
"src/lib/data/answers/hotel-financing/hotel-lenders-by-type.ts","177","OK","","Matthews Hotel Markets September 2026 rate sheet",""
"src/lib/data/answers/hotel-financing/hotel-lenders-by-type.ts","179","OK","","Matthews Hotel Markets",""
"src/lib/data/answers/hotel-financing/hotel-lenders-by-type.ts","232","OK","","Matthews Hotel Markets maintains the lender list behind this table and refreshes it with the monthly rate sheet.",""
"src/lib/data/answers/hotel-financing/hotel-loan-rates.ts","29","CHECK","experience claim, no number: confirm the team actually observes this","On September 17, 2026, the 10-year Treasury was 4.94 percent.[1] In our experience, hotels price wider than apartments or industrial, because hotel revenue reprices every night.",""
"src/lib/data/answers/hotel-financing/hotel-loan-rates.ts","33","CHECK","experience claim, no number: confirm the team actually observes this","In our experience, hotels carry a wider spread than leased property types.",""
"src/lib/data/answers/hotel-financing/hotel-loan-rates.ts","35","OK","","In our worked example, a 50 basis point rate move cuts DSCR-sized proceeds by about 4 percent.",""
"src/lib/data/answers/hotel-financing/hotel-loan-rates.ts","46","OK","","Matthews Hotel Markets' September 2026 rate sheet publishes 9 of its 49 priced cells and marks the other 40 as not yet published.",""
"src/lib/data/answers/hotel-financing/hotel-loan-rates.ts","46","OK","","The spread over the index is one of the cells we do not publish: no lender type prints one, and we will not print one until three independent lenders quote the same structure in a month.",""
"src/lib/data/answers/hotel-financing/hotel-loan-rates.ts","56","OK","","An independent or soft-branded hotel is financeable, but the lender leans more heavily on the sponsor's operating track record and the market fundamentals, because there is no franchise system standing behind demand generation.",""
"src/lib/data/answers/hotel-financing/hotel-loan-rates.ts","140","OK","","Our September 2026 rate sheet publishes the index values but not conventional spreads, so get the spread in writing.",""
"src/lib/data/answers/hotel-financing/hotel-loan-rates.ts","148","OK","","Nobody publishes it, and our rate sheet marks it not yet published.",""
"src/lib/data/answers/hotel-financing/hotel-loan-rates.ts","198","OK","","Matthews Hotel Markets September 2026 rate sheet",""
"src/lib/data/answers/hotel-financing/hotel-loan-rates.ts","200","OK","","Matthews Hotel Markets",""
"src/lib/data/answers/hotel-financing/hotel-loan-rates.ts","232","OK","","The spreads in the table above come from Matthews Hotel Markets' September 2026 rate sheet, which we update monthly.",""
"src/lib/data/answers/hotel-financing/how-debt-placement-works.ts","25","OK","","Does Matthews Hotel Markets do hotel capital markets and debt placement?",""
"src/lib/data/answers/hotel-financing/how-debt-placement-works.ts","56","OK","","Matthews Hotel Markets' September 2026 rate sheet marks the spread between lender types as not yet published, and that is exactly the point: the gap a placement process captures is not a number anyone prints, which is why an owner cannot look it up and decide on their own whether the process is worth the fee.",""
"src/lib/data/answers/hotel-financing/how-debt-placement-works.ts","65","CHECK","experience claim, no number: confirm the team actually observes this","In our experience, a straightforward hotel debt placement takes a few months from a complete application package to funding, and term sheets come back within a few weeks of the package going out.",""
"src/lib/data/answers/hotel-financing/how-debt-placement-works.ts","122","OK","","Matthews Hotel Markets' September 2026 rate sheet marks the spread between lender types as not yet published, and that is the point: the number a placement process captures is not a number anyone prints.",""
"src/lib/data/answers/hotel-financing/how-debt-placement-works.ts","126","OK","","Ask for the spread history before you engage anyone, including us.",""
"src/lib/data/answers/hotel-financing/how-debt-placement-works.ts","147","CHECK","experience claim, no number: confirm the team actually observes this","In our experience, a few months from a complete application package to funding, with term sheets back within a few weeks of the package going out.",""
"src/lib/data/answers/hotel-financing/how-debt-placement-works.ts","175","OK","","Matthews Hotel Markets September 2026 rate sheet",""
"src/lib/data/answers/hotel-financing/how-debt-placement-works.ts","177","OK","","Matthews Hotel Markets",""
"src/lib/data/answers/hotel-financing/how-debt-placement-works.ts","201","OK","","Matthews Hotel Markets runs hotel debt placement as a competitive process and publishes the rate sheet so clients can see the spread we are working against.",""
"src/lib/data/answers/hotel-financing/hub.ts","41","OK","","Each lender sets its own thresholds, and no conventional lender type publishes them, so our rate sheet marks them not yet published rather than guess.[4] Get your lender's tests in writing.",""
"src/lib/data/answers/hotel-financing/hub.ts","46","CHECK","experience claim, no number: confirm the team actually observes this","Fixed-rate hotel quotes track the 5- or 10-year Treasury; floating quotes track SOFR.[1][2] The spread over that index is set by five things, in the order we see lenders weigh them: the sponsor's experience and liquidity, the franchise flag and its market position, whether a PIP is open or funded, the market itself, and finally the loan structure.",""
"src/lib/data/answers/hotel-financing/hub.ts","46","OK","","Matthews Hotel Markets' September 2026 rate sheet puts the 10-year Treasury at 4.94% as of September 17, 2026 and the SBA 7(a) maximum allowable rate at 10.00%, which is SBA's 3.00% cap over the 7.00% Prime in effect since September 17, 2026.[3][6] It marks the conventional spread over that index as not yet published, because we do not print a spread until three independent lenders quote the same structure in a month.[4] The sheet shows what is and is not published, which is the part most rate sheets leave out.",""
"src/lib/data/answers/hotel-financing/hub.ts","112","OK","","Matthews Hotel Markets' September 2026 rate sheet puts the 10-year Treasury, the index a fixed-rate select-service quote is struck against, at 4.94% as of September 17, 2026.",""
"src/lib/data/answers/hotel-financing/hub.ts","112","OK","","It marks the conventional spread over that index as not yet published, because we do not print a spread until three independent lenders quote the same structure in a month.[4]",""
"src/lib/data/answers/hotel-financing/hub.ts","172","OK","","Matthews Hotel Markets September 2026 rate sheet",""
"src/lib/data/answers/hotel-financing/hub.ts","174","OK","","Matthews Hotel Markets",""
"src/lib/data/answers/hotel-financing/hub.ts","217","OK","","Matthews Hotel Markets places hotel debt and equity, and publishes the rate sheet the numbers on this page come from.",""
"src/lib/data/answers/hotel-financing/interest-only-loans.ts","42","OK","","No lender publishes its interest-only policy as a number, and our rate sheet does not print one.[5]",""
"src/lib/data/answers/hotel-financing/interest-only-loans.ts","126","OK","","Matthews Hotel Markets' September 2026 rate sheet puts the 10-year Treasury at 4.94% and SOFR at 3.85% as of September 17, 2026, and describes both SBA programs as fully amortizing.",""
"src/lib/data/answers/hotel-financing/interest-only-loans.ts","197","OK","","Matthews Hotel Markets September 2026 rate sheet",""
"src/lib/data/answers/hotel-financing/interest-only-loans.ts","199","OK","","Matthews Hotel Markets",""
"src/lib/data/answers/hotel-financing/interest-only-loans.ts","239","OK","","Matthews Hotel Markets compares interest-only and amortizing quotes over the owner's actual hold period, balloon included, before recommending either.",""
"src/lib/data/answers/hotel-financing/lenders-under-5-million.ts","42","OK","","Our rate sheet calls conventional bank and credit union debt the most common source of hotel debt under $15 million.[3] Under $5 million the SBA programs join it, because the 7(a) loan cap and the 504 hotel debenture cap both sit at $5 million.[1][4] Nearly all of this debt is recourse.",""
"src/lib/data/answers/hotel-financing/lenders-under-5-million.ts","62","OK","","Neither type publishes its DSCR floor, leverage limit or spread, so our rate sheet marks those cells not yet published.[3] Expect a personal guaranty, a shorter fixed period than the amortization, and a deposit relationship.",""
"src/lib/data/answers/hotel-financing/lenders-under-5-million.ts","126","OK","","Matthews Hotel Markets' September 2026 rate sheet shows the two published small-balance benchmarks: a 10.00% maximum allowable rate on SBA 7(a) loans over $350,000, which is the 7.00% Prime effective September 17, 2026 plus SBA's 3.00% cap, and 6.54% on the 25-year SBA 504 debenture priced September 10, 2026.",""
"src/lib/data/answers/hotel-financing/lenders-under-5-million.ts","183","OK","","Matthews Hotel Markets September 2026 rate sheet",""
"src/lib/data/answers/hotel-financing/lenders-under-5-million.ts","185","OK","","Matthews Hotel Markets",""
"src/lib/data/answers/hotel-financing/lenders-under-5-million.ts","296","OK","","Matthews Hotel Markets arranges SBA 7(a), SBA 504 and conventional hotel debt and compares them side by side, because the program that fits is rarely the first one a buyer calls.",""
"src/lib/data/answers/hotel-financing/loan-assumption.ts","58","OK","","We read both, and the 7(a) assumption fee paragraph is the same in each.[3] On fees, SBA does not require a new guaranty fee on an assumption, and lien positions are often kept, which avoids recording costs.",""
"src/lib/data/answers/hotel-financing/loan-assumption.ts","73","OK","","None of the sources we read publishes a processing time for assumptions, so get the servicer's or lender's estimate before you set a closing date, and expect it to run alongside the franchise approval.",""
"src/lib/data/answers/hotel-financing/loan-assumption.ts","120","OK","","Matthews Hotel Markets' September 2026 rate sheet puts the 10-year Treasury at 4.94% as of September 17, 2026 and the SBA 7(a) maximum variable rate at 10.00%.",""
"src/lib/data/answers/hotel-financing/loan-assumption.ts","141","OK","","The prospectus we read says an assumption agreement may not contain terms different from the mortgage or note, except through the servicer's separate modification provisions.",""
"src/lib/data/answers/hotel-financing/loan-assumption.ts","198","OK","","Matthews Hotel Markets September 2026 rate sheet",""
"src/lib/data/answers/hotel-financing/loan-assumption.ts","200","OK","","Matthews Hotel Markets",""
"src/lib/data/answers/hotel-financing/loan-assumption.ts","229","OK","","Matthews Hotel Markets prices an assumption against a new loan on the same page, because a low rate with two years left is a different asset from a low rate with seven.",""
"src/lib/data/answers/hotel-financing/loan-maturities-2026-2027.ts","47","OK","","We do not estimate one.",""
"src/lib/data/answers/hotel-financing/loan-maturities-2026-2027.ts","56","OK","","For 2027 we found nothing publishable.",""
"src/lib/data/answers/hotel-financing/loan-maturities-2026-2027.ts","56","OK","","We could not source it to any publisher, so we removed it from those articles and we do not restate it here, not even to knock it down.",""
"src/lib/data/answers/hotel-financing/loan-maturities-2026-2027.ts","56","OK","","The reasoning is on `/data/hotel-financing-statistics`, which lists every figure we rejected and why.",""
"src/lib/data/answers/hotel-financing/loan-maturities-2026-2027.ts","71","OK","","The lodging CMBS delinquency rate was 5.35% in July 2026, up 13 basis points on the month.[6] Trepp reported a further lodging increase in August without publishing the August lodging number in any release we could open.[5] So the direction is clear and the current level is not; we publish July's figure rather than an August figure we cannot source.",""
"src/lib/data/answers/hotel-financing/loan-maturities-2026-2027.ts","76","OK","","We are deliberately not naming brands or markets here.",""
"src/lib/data/answers/hotel-financing/loan-maturities-2026-2027.ts","76","OK","","No public release we could open breaks hotel maturity or delinquency data down by flag or by metro, and inventing that breakdown from a handful of deals we happen to have seen would be a worse answer than saying so.",""
"src/lib/data/answers/hotel-financing/loan-maturities-2026-2027.ts","120","OK","","We could not source it to any publisher.",""
"src/lib/data/answers/hotel-financing/loan-maturities-2026-2027.ts","129","OK","","Matthews Hotel Markets' September 2026 rate sheet gives you the index to run your own maturity stress test against: the 10-year Treasury at 4.94% on September 17, 2026 and SOFR at 3.85% for September 17, 2026.[4] It marks the spread over each as not yet published, because we do not print a spread until three independent lenders quote the same structure in a month.[7]",""
"src/lib/data/answers/hotel-financing/loan-maturities-2026-2027.ts","142","OK","","No public source we could open publishes a hotel-specific 2027 maturity figure as of September 2026.",""
"src/lib/data/answers/hotel-financing/loan-maturities-2026-2027.ts","212","OK","","Matthews Hotel Markets September 2026 rate sheet",""
"src/lib/data/answers/hotel-financing/loan-maturities-2026-2027.ts","214","OK","","Matthews Hotel Markets",""
"src/lib/data/answers/hotel-financing/loan-maturities-2026-2027.ts","229","OK","","Run your maturity stress test with us",""
"src/lib/data/answers/hotel-financing/loan-maturities-2026-2027.ts","231","OK","","Matthews Hotel Markets runs this stress test for owners at no cost, because the answer determines whether the next call is about debt or about a sale.",""
"src/lib/data/answers/hotel-financing/loan-requirements.ts","46","OK","","No conventional lender type publishes its thresholds, which is why our rate sheet marks them not yet published.[1] Ask for yours in writing.",""
"src/lib/data/answers/hotel-financing/loan-requirements.ts","56","OK","","Personal credit history matters most on bank and SBA loans, where a personal guarantee is standard; it matters less on non-recourse CMBS and life company loans, where the sponsor's track record and the asset's own performance carry more of the underwriting weight.",""
"src/lib/data/answers/hotel-financing/loan-requirements.ts","124","OK","","Matthews Hotel Markets' September 2026 rate sheet publishes one hotel leverage ceiling that is actually written down anywhere: SBA rules cap a 504 hotel structure at 85% of project cost.",""
"src/lib/data/answers/hotel-financing/loan-requirements.ts","163","OK","","Matthews Hotel Markets September 2026 rate sheet",""
"src/lib/data/answers/hotel-financing/loan-requirements.ts","165","OK","","Matthews Hotel Markets",""
"src/lib/data/answers/hotel-financing/loan-requirements.ts","203","OK","","Send us your T-12 and we will size it",""
"src/lib/data/answers/hotel-financing/loan-requirements.ts","206","OK","","Matthews Hotel Markets assembles this package with clients before the first lender call, so a lender can size the loan from a complete file.",""
"src/lib/data/answers/hotel-financing/loan-workouts.ts","125","OK","","Matthews Hotel Markets' September 2026 rate sheet is where a workout conversation starts, because an extension only makes sense if a takeout exists at today's index: the 10-year Treasury was 4.94% on September 17, 2026 and SOFR was 3.85% for September 17, 2026.[3] The spread over each is marked not yet published.[2]",""
"src/lib/data/answers/hotel-financing/loan-workouts.ts","175","OK","","Matthews Hotel Markets September 2026 rate sheet",""
"src/lib/data/answers/hotel-financing/loan-workouts.ts","177","OK","","Matthews Hotel Markets",""
"src/lib/data/answers/hotel-financing/loan-workouts.ts","208","OK","","Matthews Hotel Markets prepares free broker opinions of value, and a value opinion is the first thing a borrower needs at the transfer, because you cannot negotiate a workout without one.",""
"src/lib/data/answers/hotel-financing/non-recourse-loans.ts","42","OK","","Our rate sheet describes the CMBS row as fixed-rate, non-recourse and securitized, priced as a spread over the matched-term Treasury.[2] Life companies lend non-recourse at lower leverage on the best assets.",""
"src/lib/data/answers/hotel-financing/non-recourse-loans.ts","62","OK","","No conventional lender publishes its spread, DSCR floor or leverage ceiling, so we do not print a recourse premium.[2] The trade shows up in structure.",""
"src/lib/data/answers/hotel-financing/non-recourse-loans.ts","95","OK","","Described as non-recourse on our rate sheet[2]",""
"src/lib/data/answers/hotel-financing/non-recourse-loans.ts","120","OK","","Matthews Hotel Markets' September 2026 rate sheet lists the SBA 7(a) and 504 rows as recourse and describes the CMBS row as fixed-rate, non-recourse and securitized, struck against a 10-year Treasury of 4.94% as of September 17, 2026.",""
"src/lib/data/answers/hotel-financing/non-recourse-loans.ts","153","OK","","See our page on lenders for hotels under $5 million.",""
"src/lib/data/answers/hotel-financing/non-recourse-loans.ts","170","OK","","Matthews Hotel Markets September 2026 rate sheet",""
"src/lib/data/answers/hotel-financing/non-recourse-loans.ts","172","OK","","Matthews Hotel Markets",""
"src/lib/data/answers/hotel-financing/non-recourse-loans.ts","247","OK","","Matthews Hotel Markets compares recourse and non-recourse quotes side by side, including the carve-out list, because the guaranty is part of the price.",""
"src/lib/data/answers/hotel-financing/opportunity-zones.ts","60","OK","","The IRS page we read listed the revenue procedure but no 2027 zone list yet.[4]",""
"src/lib/data/answers/hotel-financing/opportunity-zones.ts","121","OK","","Matthews Hotel Markets' September 2026 rate sheet puts the 10-year Treasury at 4.94% and SOFR at 3.85% as of September 17, 2026.",""
"src/lib/data/answers/hotel-financing/opportunity-zones.ts","206","OK","","Matthews Hotel Markets September 2026 rate sheet",""
"src/lib/data/answers/hotel-financing/opportunity-zones.ts","208","OK","","Matthews Hotel Markets",""
"src/lib/data/answers/hotel-financing/opportunity-zones.ts","236","OK","","Matthews Hotel Markets does not run opportunity zone funds or give tax advice.",""
"src/lib/data/answers/hotel-financing/pip-and-renovation-loans.ts","112","OK","","Matthews Hotel Markets' September 2026 rate sheet puts SOFR, the index a future-funding PIP facility floats over, at 3.85% for September 17, 2026, and marks the spread and the cost of the capex facility as not yet published.[1][2] Get both in writing from the lender before you sign the PIP scope letter.",""
"src/lib/data/answers/hotel-financing/pip-and-renovation-loans.ts","158","OK","","Matthews Hotel Markets September 2026 rate sheet",""
"src/lib/data/answers/hotel-financing/pip-and-renovation-loans.ts","160","OK","","Matthews Hotel Markets",""
"src/lib/data/answers/hotel-financing/pip-and-renovation-loans.ts","184","OK","","Matthews Hotel Markets prices the PIP financing and the as-is sale side by side, because owners deciding between them need one number, not two conversations.",""
"src/lib/data/answers/hotel-financing/refinance-or-sell.ts","51","OK","","The Matthews Hotel Index for Q1 2026 gives the cap-rate band the sale side of this comparison should be run at, broken out by market and segment on `/research/mhi/q1-2026`.[2] Tax is a real cost on the sale side.",""
"src/lib/data/answers/hotel-financing/refinance-or-sell.ts","117","OK","","The Matthews Hotel Index for Q1 2026 gives the cap-rate band the sale side of this comparison should be run at.[2]",""
"src/lib/data/answers/hotel-financing/refinance-or-sell.ts","126","OK","","Run the refinance-versus-sell arithmetic with your current NOI, current rate, and current cap-rate band from the Matthews Hotel Index.",""
"src/lib/data/answers/hotel-financing/refinance-or-sell.ts","163","OK","","Matthews Hotel Index, Q1 2026",""
"src/lib/data/answers/hotel-financing/refinance-or-sell.ts","165","OK","","Matthews Hotel Markets",""
"src/lib/data/answers/hotel-financing/refinance-or-sell.ts","205","OK","","Matthews Hotel Markets arranges hotel refinancing and sells hotels, so it can run both sides of this for an owner, and it will say hold when the numbers say hold.",""
"src/lib/data/answers/hotel-financing/refinance.ts","67","CHECK","experience claim, no number: confirm the team actually observes this","The rough sequence, in our experience: assemble the document package (see `/hotel-financing/loan-requirements` for the full list), collect and compare term sheets if running a competitive process, wait on the lender's appraisal and property condition assessment, which typically run in parallel with underwriting, and close once terms are agreed.",""
"src/lib/data/answers/hotel-financing/refinance.ts","119","OK","","Matthews Hotel Markets' September 2026 rate sheet puts the 10-year Treasury, the index a permanent refinance is sized against, at 4.94% as of September 17, 2026, and marks the spread over it as not yet published.",""
"src/lib/data/answers/hotel-financing/refinance.ts","165","OK","","Matthews Hotel Markets September 2026 rate sheet",""
"src/lib/data/answers/hotel-financing/refinance.ts","167","OK","","Matthews Hotel Markets",""
"src/lib/data/answers/hotel-financing/refinance.ts","190","OK","","Have us size your refinance",""
"src/lib/data/answers/hotel-financing/refinance.ts","193","OK","","Matthews Hotel Markets sizes these three ways before a client goes to market: refinance, extend, or sell, with the arithmetic shown for each.",""
"src/lib/data/answers/hotel-financing/sba-7a-vs-504.ts","122","OK","","Matthews Hotel Markets' September 2026 rate sheet puts the SBA 7(a) maximum allowable rate at 10.00%, which is the 7.00% Prime in effect since September 17, 2026 plus the 3.00% cap SBA sets on loans over $350,000, and the 25-year 504 debenture at 6.54% as of September 10, 2026.[7]",""
"src/lib/data/answers/hotel-financing/sba-7a-vs-504.ts","203","OK","","Matthews Hotel Markets September 2026 rate sheet",""
"src/lib/data/answers/hotel-financing/sba-7a-vs-504.ts","205","OK","","Matthews Hotel Markets",""
"src/lib/data/answers/hotel-financing/sba-7a-vs-504.ts","259","OK","","Matthews Hotel Markets quotes SBA and conventional side by side, because on a $6M hotel the cheaper headline rate is often the more expensive deal.",""
"src/lib/data/answers/hotel-financing/usda-b-and-i-loans.ts","135","OK","","Matthews Hotel Markets' September 2026 rate sheet shows Prime at 7.00% since September 17, 2026 and the 10-year Treasury at 4.94% on the same date.",""
"src/lib/data/answers/hotel-financing/usda-b-and-i-loans.ts","248","OK","","Matthews Hotel Markets September 2026 rate sheet",""
"src/lib/data/answers/hotel-financing/usda-b-and-i-loans.ts","250","OK","","Matthews Hotel Markets",""
"src/lib/data/answers/hotel-financing/usda-b-and-i-loans.ts","315","OK","","Matthews Hotel Markets does not originate or package USDA B&I loans.",""
"src/lib/data/answers/hotel-franchise-costs/best-western.ts","102","OK","","Matthews Hotel Markets' September 2026 rate sheet records Prime at 7.00% effective September 17, 2026 and the SBA 7(a) maximum allowable rate at 10.00%, the indexes a loan for an entrance fee, a PIP or a conversion is priced against.[2]",""
"src/lib/data/answers/hotel-franchise-costs/best-western.ts","148","OK","","Matthews Hotel Markets September 2026 rate sheet",""
"src/lib/data/answers/hotel-franchise-costs/best-western.ts","150","OK","","Matthews Hotel Markets",""
"src/lib/data/answers/hotel-franchise-costs/best-western.ts","178","OK","","Matthews Hotel Markets sells and finances franchised hotels, so we read these disclosure documents alongside owners and buyers.",""
"src/lib/data/answers/hotel-franchise-costs/comfort-inn.ts","96","OK","","Matthews Hotel Markets' September 2026 rate sheet records Prime at 7.00% effective September 17, 2026 and the SBA 7(a) maximum allowable rate at 10.00%, the indexes a loan for an affiliation fee, a PIP or a conversion is priced against.[2]",""
"src/lib/data/answers/hotel-franchise-costs/comfort-inn.ts","142","OK","","Matthews Hotel Markets September 2026 rate sheet",""
"src/lib/data/answers/hotel-franchise-costs/comfort-inn.ts","144","OK","","Matthews Hotel Markets",""
"src/lib/data/answers/hotel-franchise-costs/comfort-inn.ts","172","OK","","Matthews Hotel Markets sells and finances franchised hotels, so we read these disclosure documents alongside owners and buyers.",""
"src/lib/data/answers/hotel-franchise-costs/days-inn.ts","100","OK","","Matthews Hotel Markets' September 2026 rate sheet records Prime at 7.00% effective September 17, 2026 and the SBA 7(a) maximum allowable rate at 10.00%, the indexes a loan for a relicense fee, a PIP or a conversion is priced against.[2]",""
"src/lib/data/answers/hotel-franchise-costs/days-inn.ts","146","OK","","Matthews Hotel Markets September 2026 rate sheet",""
"src/lib/data/answers/hotel-franchise-costs/days-inn.ts","148","OK","","Matthews Hotel Markets",""
"src/lib/data/answers/hotel-franchise-costs/days-inn.ts","176","OK","","Matthews Hotel Markets sells and finances franchised hotels, so we read these disclosure documents alongside owners and buyers.",""
"src/lib/data/answers/hotel-franchise-costs/doubletree.ts","68","OK","","Item 7 total: $31,454,554 to $108,661,784 for a 225-room DoubleTree, which is about $139,800 to $482,900 per room by our arithmetic, before land.[1]",""
"src/lib/data/answers/hotel-franchise-costs/doubletree.ts","88","OK","","The division is ours.",""
"src/lib/data/answers/hotel-franchise-costs/hampton-inn.ts","69","OK","","Item 7 total: $17,043,739 to $24,732,532 for an 89-room Hampton Inn, which is about $191,500 to $277,900 per room by our arithmetic, before land.[1]",""
"src/lib/data/answers/hotel-franchise-costs/hampton-inn.ts","89","OK","","The division is ours.",""
"src/lib/data/answers/hotel-franchise-costs/hilton-garden-inn.ts","68","OK","","Item 7 total: $25,499,320 to $37,352,033 for 134 rooms, which is about $190,300 to $278,700 per room by our arithmetic, before land.[1]",""
"src/lib/data/answers/hotel-franchise-costs/hilton-garden-inn.ts","88","OK","","The division is ours.",""
"src/lib/data/answers/hotel-franchise-costs/hilton-shared.ts","96","OK","","It is the franchisor's document, not ours.[1]",""
"src/lib/data/answers/hotel-franchise-costs/hilton-shared.ts","124","OK","","Matthews Hotel Markets September 2026 rate sheet",""
"src/lib/data/answers/hotel-franchise-costs/hilton-shared.ts","126","OK","","Matthews Hotel Markets",""
"src/lib/data/answers/hotel-franchise-costs/hilton-shared.ts","136","OK","","Matthews Hotel Markets' September 2026 rate sheet records Prime at 7.00% effective September 17, 2026, SOFR at 3.85% and the SBA 7(a) maximum allowable rate at 10.00%, the indexes a loan for franchise fees, a PIP or a conversion is priced against.[2]",""
"src/lib/data/answers/hotel-franchise-costs/hilton-shared.ts","148","OK","","Matthews Hotel Markets sells and finances franchised hotels, so we read these disclosure documents alongside owners and buyers.",""
"src/lib/data/answers/hotel-franchise-costs/home2-suites.ts","68","OK","","Item 7 total: $18,075,688 to $26,550,592 for 107 suites, which is about $168,900 to $248,100 per suite by our arithmetic, before land.[1]",""
"src/lib/data/answers/hotel-franchise-costs/home2-suites.ts","88","OK","","The division is ours.",""
"src/lib/data/answers/hotel-franchise-costs/homewood-suites.ts","68","OK","","Item 7 total: $23,757,245 to $34,728,465 for 131 suites, which is about $181,400 to $265,100 per suite by our arithmetic, before land.[1]",""
"src/lib/data/answers/hotel-franchise-costs/homewood-suites.ts","88","OK","","The division is ours.",""
"src/lib/data/answers/hotel-franchise-costs/hub.ts","60","OK","","Hampton's 2026 estimate is $17,043,739 to $24,732,532 for an 89-room hotel, about $191,500 to $277,900 per room by our arithmetic.[1] Three cautions apply.",""
"src/lib/data/answers/hotel-franchise-costs/hub.ts","70","OK","","Hampton's reports a 2025 average room rate of $149.08, average occupancy of 71.0 percent, average RevPAR of $105.90 and an average RevPAR index of 120.8 for 1,893 comparable U.S. hotels, with the median, the range and the share of hotels that met each average.[1] Spark's reports only a RevPAR index.[2] Tapestry Collection makes no representation at all and carries the statement the rule requires in that case: ""We do not make any representations about a franchisee's future financial performance or the past financial performance of company-owned or franchised outlets.""[5][9] Read what is absent.",""
"src/lib/data/answers/hotel-franchise-costs/hub.ts","213","OK","","Matthews Hotel Markets' September 2026 rate sheet records Prime at 7.00% effective September 17, 2026 and the SBA 7(a) maximum allowable rate at 10.00%, the indexes a loan for a franchise fee, a PIP or a conversion is priced against.[10]",""
"src/lib/data/answers/hotel-franchise-costs/hub.ts","323","OK","","Matthews Hotel Markets September 2026 rate sheet",""
"src/lib/data/answers/hotel-franchise-costs/hub.ts","325","OK","","Matthews Hotel Markets",""
"src/lib/data/answers/hotel-franchise-costs/hub.ts","405","OK","","Matthews Hotel Markets sells and finances franchised hotels, so we read these disclosure documents alongside owners and buyers.",""
"src/lib/data/answers/hotel-franchise-costs/hyatt-place.ts","99","OK","","Matthews Hotel Markets' September 2026 rate sheet records Prime at 7.00% effective September 17, 2026 and the SBA 7(a) maximum allowable rate at 10.00%, the indexes a loan for an application fee, a PIP or a conversion is priced against.[2]",""
"src/lib/data/answers/hotel-franchise-costs/hyatt-place.ts","145","OK","","Matthews Hotel Markets September 2026 rate sheet",""
"src/lib/data/answers/hotel-franchise-costs/hyatt-place.ts","147","OK","","Matthews Hotel Markets",""
"src/lib/data/answers/hotel-franchise-costs/hyatt-place.ts","175","OK","","Matthews Hotel Markets sells and finances franchised hotels, so we read these disclosure documents alongside owners and buyers.",""
"src/lib/data/answers/hotel-franchise-costs/la-quinta.ts","101","OK","","Matthews Hotel Markets' September 2026 rate sheet records Prime at 7.00% effective September 17, 2026 and the SBA 7(a) maximum allowable rate at 10.00%, the indexes a loan for a relicense fee, a PIP or a conversion is priced against.[2]",""
"src/lib/data/answers/hotel-franchise-costs/la-quinta.ts","147","OK","","Matthews Hotel Markets September 2026 rate sheet",""
"src/lib/data/answers/hotel-franchise-costs/la-quinta.ts","149","OK","","Matthews Hotel Markets",""
"src/lib/data/answers/hotel-franchise-costs/la-quinta.ts","177","OK","","Matthews Hotel Markets sells and finances franchised hotels, so we read these disclosure documents alongside owners and buyers.",""
"src/lib/data/answers/hotel-franchise-costs/spark-by-hilton.ts","68","OK","","Item 7 total: $3,251,531 to $5,906,193 for a 100-room conversion, which is about $32,500 to $59,100 per room by our arithmetic.",""
"src/lib/data/answers/hotel-franchise-costs/spark-by-hilton.ts","78","OK","","The division is ours.",""
"src/lib/data/answers/hotel-franchise-costs/super-8.ts","100","OK","","Matthews Hotel Markets' September 2026 rate sheet records Prime at 7.00% effective September 17, 2026 and the SBA 7(a) maximum allowable rate at 10.00%, the indexes a loan for a relicense fee, a PIP or a conversion is priced against.[2]",""
"src/lib/data/answers/hotel-franchise-costs/super-8.ts","146","OK","","Matthews Hotel Markets September 2026 rate sheet",""
"src/lib/data/answers/hotel-franchise-costs/super-8.ts","148","OK","","Matthews Hotel Markets",""
"src/lib/data/answers/hotel-franchise-costs/super-8.ts","176","OK","","Matthews Hotel Markets sells and finances franchised hotels, so we read these disclosure documents alongside owners and buyers.",""
"src/lib/data/answers/hotel-franchise-costs/tapestry-collection.ts","68","OK","","Item 7 total: $2,861,047 to $70,253,147 for 125 rooms, which is about $22,900 to $562,000 per room by our arithmetic.",""
"src/lib/data/answers/hotel-franchise-costs/tapestry-collection.ts","88","OK","","The division is ours.",""
"src/lib/data/answers/hotel-franchise-costs/tapestry-collection.ts","93","OK","","Hilton writes: ""We do not make any representations about a franchisee's future financial performance or the past financial performance of company-owned or franchised outlets"" (Item 19, p. 92).[1] That differs from Hilton's 2026 FDDs for brands such as [Hampton](/hotel-franchise-costs/hampton-inn) and [DoubleTree](/hotel-franchise-costs/doubletree), which report room rate, occupancy, RevPAR and RevPAR index for comparable hotels.",""
"src/lib/data/answers/hotel-franchise-costs/tru-by-hilton.ts","68","OK","","Item 7 total: $14,258,164 to $20,659,558 for 98 rooms, which is about $145,500 to $210,800 per room by our arithmetic, before land.[1]",""
"src/lib/data/answers/hotel-franchise-costs/tru-by-hilton.ts","88","OK","","The division is ours.",""
"src/lib/data/answers/hotel-industry/chain-scales-and-classes.ts","48","OK","","STR has also said that all independent, non-branded hotels are categorized in a single, separate chain scale category.[1] The STR statement we cite is from 2009, and we could not open STR's current methodology page or its current brand list, which sit on CoStar's site.",""
"src/lib/data/answers/hotel-industry/chain-scales-and-classes.ts","48","OK","","The documents we did read give no rate cutoffs between tiers, so we publish none.",""
"src/lib/data/answers/hotel-industry/chain-scales-and-classes.ts","62","OK","","STR's full brand-by-scale list is a licensed product that we do not reproduce, but public 10-K filings give examples for each tier.",""
"src/lib/data/answers/hotel-industry/chain-scales-and-classes.ts","67","OK","","In 2026 the top of the market is growing and the bottom is not, according to every public forecast we read.",""
"src/lib/data/answers/hotel-industry/chain-scales-and-classes.ts","73","OK","","The total pipeline was 5,975 projects with 703,001 rooms, so those two tiers were 59 percent of projects by our arithmetic.",""
"src/lib/data/answers/hotel-industry/chain-scales-and-classes.ts","78","OK","","The Matthews Hotel Index for Q1 2026 shows stabilized select-service cap rates of 7.5 to 8.25 percent in Austin, against 7.0 to 8.0 percent for full-service and 6.5 to 7.75 percent for resort and lifestyle hotels.[12] Lenders sort the same way, though none publishes its terms by tier.",""
"src/lib/data/answers/hotel-industry/chain-scales-and-classes.ts","101","OK","","The Matthews Hotel Index for Q1 2026 shows segment changing price inside one city: Austin select-service cap rates of 7.5% to 8.25%, full-service of 7.0% to 8.0%, and resort and lifestyle of 6.5% to 7.75%.[12]",""
"src/lib/data/answers/hotel-industry/chain-scales-and-classes.ts","105","OK","","The documents we read give no rate cutoffs, so the dollar figures below are illustration only.",""
"src/lib/data/answers/hotel-industry/chain-scales-and-classes.ts","110","OK","","Upper midscale, according to the brand examples in Choice Hotels' fiscal 2025 10-K, which lists Hampton by Hilton alongside Holiday Inn Express, Fairfield Inn and Comfort Inn.[3] STR's own current list is licensed and we do not reproduce it.",""
"src/lib/data/answers/hotel-industry/chain-scales-and-classes.ts","171","OK","","Matthews Hotel Markets publishes cap-rate ranges by segment in the Matthews Hotel Index, because the tier a hotel sits in changes its price.",""
"src/lib/data/answers/hotel-industry/how-hotels-make-money.ts","32","OK","","The percentages are our arithmetic on their reported dollars.[1][2]",""
"src/lib/data/answers/hotel-industry/how-hotels-make-money.ts","42","OK","","For 2025 it reported room revenue of $1,278.4 million, food and beverage revenue of $65.7 million and other revenue of $68.3 million, for a total of $1,412.4 million.[1] By our arithmetic that is 90.5 percent rooms, 4.7 percent food and beverage and 4.8 percent other.",""
"src/lib/data/answers/hotel-industry/how-hotels-make-money.ts","47","OK","","Food and beverage expenses were $1,224 million against $1,803 million of revenue, so that department kept about 32.1 percent.[2] Those two percentages are our arithmetic on Host's reported figures, and they are departmental margins, before any of the hotel's overhead.",""
"src/lib/data/answers/hotel-industry/how-hotels-make-money.ts","57","OK","","Property taxes, insurance and other came to $89.7 million.[1] The table below shows each as a share of revenue, which is our arithmetic.",""
"src/lib/data/answers/hotel-industry/how-hotels-make-money.ts","57","OK","","We cannot tell from the release which brand charges sit in the franchise fee line and which sit in other lines, so read 4.9 percent as the size of that line and not as the full cost of the flags.",""
"src/lib/data/answers/hotel-industry/how-hotels-make-money.ts","76","OK","","Apple Hospitality REIT, full-year 2025: hotel revenue and expense lines as reported, with each line's share of total revenue (our arithmetic)",""
"src/lib/data/answers/hotel-industry/how-hotels-make-money.ts","101","OK","","Matthews Hotel Markets' September 2026 rate sheet shows what hotel income has to cover: with the 10-year Treasury at 4.94% on September 17, 2026 and the SBA 7(a) maximum at 10.00%, debt service takes a large share of the third of revenue a select-service hotel keeps at the property level.[7]",""
"src/lib/data/answers/hotel-industry/how-hotels-make-money.ts","105","OK","","We use that RevPAR only to have a starting number.",""
"src/lib/data/answers/hotel-industry/how-hotels-make-money.ts","114","OK","","Its rooms department kept about 75 percent.[2] Both percentages are our arithmetic on Host's figures.",""
"src/lib/data/answers/hotel-industry/how-hotels-make-money.ts","155","OK","","Have us look at your hotel's statement",""
"src/lib/data/answers/hotel-industry/how-hotels-make-money.ts","158","OK","","Matthews Hotel Markets sells and finances hotels, and the statement format on this page is the one buyers and lenders underwrite.",""
"src/lib/data/answers/hotel-industry/hub.ts","36","OK","","We publish both and blend neither.[14][15]",""
"src/lib/data/answers/hotel-industry/hub.ts","67","OK","","CoStar and Tourism Economics started 2026 forecasting RevPAR growth of 0.6 percent and, on August 7, 2026, raised it to 4.4 percent, with 2.1 percent for 2027.[14] CBRE's midyear review has 2.5 percent for 2026 and 2.1 percent for 2027.[15] We set the public forecasts side by side with their dates at [What is the outlook for hotels in 2026 and 2027?](/hotel-industry/outlook-2026-2027).",""
"src/lib/data/answers/hotel-industry/hub.ts","67","OK","","We do not average them into a forecast of our own.",""
"src/lib/data/answers/hotel-industry/hub.ts","72","OK","","The Matthews Hotel Index for Q1 2026 puts stabilized select-service cap rates at 7.5 to 8.25 percent in Austin, for example.[17] A lender tests the same income against debt service at current rates.",""
"src/lib/data/answers/hotel-industry/hub.ts","77","OK","","AAHOA, the owners' association, says its members own 36,807 U.S. hotels, which it puts at 60 percent of the country's hotels, citing a study it commissioned from Oxford Economics.[8] AHLA says 57 percent of U.S. hotels are franchised and projected 36,173 franchised hotels for 2024.[9] Both are trade-association figures and we attribute them that way.",""
"src/lib/data/answers/hotel-industry/hub.ts","133","OK","","The Matthews Hotel Index for Q1 2026 shows how far a single market sits from the national average: Austin at about 70 percent occupancy with RevPAR between $95 and $165 depending on segment, against the 62.3 percent and $100.02 CoStar reported for the whole country in 2025.[17][1]",""
"src/lib/data/answers/hotel-industry/hub.ts","162","OK","","Yes, by every public forecast we read.",""
"src/lib/data/answers/hotel-industry/hub.ts","209","OK","","Ask us about your hotel",""
"src/lib/data/answers/hotel-industry/hub.ts","212","OK","","Matthews Hotel Markets sells and finances hotels.",""
"src/lib/data/answers/hotel-industry/industry-size-2026.ts","37","OK","","AAHOA's and AHLA's own figures imply a little over 60,000 hotels, by our arithmetic.[3][4]",""
"src/lib/data/answers/hotel-industry/industry-size-2026.ts","44","OK","","That inference is ours.",""
"src/lib/data/answers/hotel-industry/industry-size-2026.ts","44","OK","","We reuse AHLA's figures from our [hotel financing statistics](/data/hotel-financing-statistics) page, where each carries its source date and the date we last read it.",""
"src/lib/data/answers/hotel-industry/industry-size-2026.ts","49","OK","","BLS's 2025 occupation data for the subsector lists 420,800 maids and housekeeping cleaners, 247,700 hotel desk clerks and 38,100 lodging managers.[2] We read the public BLS industry page for NAICS 721 and quote only what it shows for the subsector as a whole.",""
"src/lib/data/answers/hotel-industry/industry-size-2026.ts","49","OK","","We do not quote a separate figure for hotels and motels, NAICS 7211, because we did not read one.",""
"src/lib/data/answers/hotel-industry/industry-size-2026.ts","59","OK","","AAHOA says its members own 36,807 hotels and that this is 60 percent of U.S. hotels, which implies about 61,300 in total.[3] AHLA says 57 percent of U.S. hotels are franchised and projected 36,173 franchised hotels for 2024, which implies about 63,500.[4] Both totals are our arithmetic on rounded percentages, so treat them as rough.",""
"src/lib/data/answers/hotel-industry/industry-size-2026.ts","63","OK","","No public primary source we could open states a current U.S. room count, and the published pipeline figures imply something between 5.5 and 6.0 million rooms.",""
"src/lib/data/answers/hotel-industry/industry-size-2026.ts","64","OK","","That is our arithmetic and not a figure Lodging Econometrics published.",""
"src/lib/data/answers/hotel-industry/industry-size-2026.ts","64","OK","","AAHOA separately says its members' hotels, which it puts at 60 percent of all hotels, hold 3.2 million guestrooms.[3] We had one room-night figure on this site before and removed it because we could not find it in AHLA's public release.",""
"src/lib/data/answers/hotel-industry/industry-size-2026.ts","64","OK","","The same rule applies here: if the count is not in a public document we read, it does not go on the page.",""
"src/lib/data/answers/hotel-industry/industry-size-2026.ts","74","OK","","CBRE's midyear 2026 outlook projects inventory growth of 0.7 percent a year over the next three years and says construction has declined for 15 consecutive months.[11] We set the forecasts side by side at [What is the outlook for hotels in 2026 and 2027?](/hotel-industry/outlook-2026-2027).",""
"src/lib/data/answers/hotel-industry/industry-size-2026.ts","106","OK","","Matthews Hotel Markets' September 2026 rate sheet prices the debt behind all of this: the 10-year Treasury at 4.94% on September 17, 2026, SOFR at 3.85%, and the 25-year SBA 504 debenture at 6.54%.[13]",""
"src/lib/data/answers/hotel-industry/industry-size-2026.ts","110","OK","","The conclusion is our inference, and it is labeled as one.",""
"src/lib/data/answers/hotel-industry/industry-size-2026.ts","115","OK","","AHLA forecasts nearly $805 billion of hotel guest spending for 2026.[1] By our arithmetic on public figures, hotel room revenue is roughly $200 billion to $220 billion a year.[5][6]",""
"src/lib/data/answers/hotel-industry/industry-size-2026.ts","119","OK","","AAHOA's and AHLA's published figures imply about 61,300 to 63,500 hotels, by our arithmetic.[3][4] BLS counts 78,789 accommodation establishments, a wider category that includes RV parks and rooming houses.[2]",""
"src/lib/data/answers/hotel-industry/industry-size-2026.ts","123","OK","","We found no public primary source that states it.",""
"src/lib/data/answers/hotel-industry/industry-size-2026.ts","123","OK","","Lodging Econometrics' statement that 74,820 new rooms equals 1.3 percent growth implies roughly 5.5 to 6.0 million existing rooms, by our arithmetic.[5]",""
"src/lib/data/answers/hotel-industry/industry-size-2026.ts","173","OK","","Ask us about your market",""
"src/lib/data/answers/hotel-industry/industry-size-2026.ts","176","OK","","Matthews Hotel Markets keeps a dated, sourced list of hotel finance figures and removes any figure it cannot trace to a public document.",""
"src/lib/data/answers/hotel-industry/outlook-2026-2027.ts","31","OK","","RevPAR growth of 4.4 percent for 2026 and 2.1 percent for 2027.[1] CBRE's midyear 2026 review forecasts 2.5 percent and 2.1 percent.[2] PwC's May 2026 edition forecasts 2.9 percent for 2026.[3] We publish them side by side and do not blend them.",""
"src/lib/data/answers/hotel-industry/outlook-2026-2027.ts","43","OK","","CoStar reported 2025 occupancy of 62.3 percent, ADR of $160.54 and RevPAR of $100.02, with RevPAR down 0.3 percent on 2024.[7] We read the CoStar and PwC figures where trade publications carried them, and the source list says so.",""
"src/lib/data/answers/hotel-industry/outlook-2026-2027.ts","48","OK","","GDP growth of 2.6 percent in 2027 against 2.2 percent in 2026, and inflation of 2.3 percent.[1][6] CBRE projects 2027 occupancy of 63.0 percent and ADR growth of 1.7 percent.[2] The PwC summary we read does not state a 2027 figure, so the table leaves it blank.[3] The two 2.1 percent figures were published weeks apart and rest on different 2026 bases, so they do not describe the same 2027 RevPAR in dollars.",""
"src/lib/data/answers/hotel-industry/outlook-2026-2027.ts","58","OK","","We do not pick a winner and we do not average them.",""
"src/lib/data/answers/hotel-industry/outlook-2026-2027.ts","58","OK","","Our [hotel financing statistics](/data/hotel-financing-statistics) page carries these forecasts with their dates for the same reason.",""
"src/lib/data/answers/hotel-industry/outlook-2026-2027.ts","87","OK","","Where a cell says not stated, the summary we read did not give the figure",""
"src/lib/data/answers/hotel-industry/outlook-2026-2027.ts","112","OK","","Matthews Hotel Markets' September 2026 rate sheet is the other half of the outlook: the 10-year Treasury at 4.94% on September 17, 2026 and SOFR at 3.85%, the day after the Federal Reserve raised its target range by 25 basis points.[13][12]",""
"src/lib/data/answers/hotel-industry/outlook-2026-2027.ts","116","OK","","That share is our assumption for illustration.",""
"src/lib/data/answers/hotel-industry/outlook-2026-2027.ts","116","OK","","At an 8.0 percent cap rate, which sits inside the 7.5 to 8.25 percent range the Matthews Hotel Index shows for Austin select-service hotels,[14] $34,675 of income is worth about $433,000 of value.",""
"src/lib/data/answers/hotel-industry/outlook-2026-2027.ts","116","OK","","That is why we show the forecasts side by side and ask which one a given underwriting follows.",""
"src/lib/data/answers/hotel-industry/outlook-2026-2027.ts","136","OK","","Does Matthews Hotel Markets publish its own hotel forecast?",""
"src/lib/data/answers/hotel-industry/outlook-2026-2027.ts","137","OK","","We publish other firms' public forecasts with their dates and do not blend them.",""
"src/lib/data/answers/hotel-industry/outlook-2026-2027.ts","137","OK","","Our own published data are the rate sheet and the Matthews Hotel Index, which report current conditions.[13][14]",""
"src/lib/data/answers/hotel-industry/outlook-2026-2027.ts","189","OK","","Matthews Hotel Markets publishes other firms' forecasts with their dates and keeps its own published data to current rates and current market ranges.",""
"src/lib/data/answers/hotel-industry/owner-franchisor-management-company.ts","47","OK","","Hilton's 10-K counts 8,239 franchised or licensed properties out of 9,158 at December 31, 2025, which is 90 percent by our arithmetic.[1] Marriott reports 7,644 franchised, licensed and other properties out of 9,805 at year-end 2025.[2] AHLA says 57 percent of all U.S. hotels are franchised.[11] A guest sees one brand.",""
"src/lib/data/answers/hotel-industry/owner-franchisor-management-company.ts","51","OK","","Hotel franchise fees are a percentage of rooms revenue, and the two published schedules we read that state both parts, the royalty and the marketing or program fee, add up to between 7 and 10 percent.",""
"src/lib/data/answers/hotel-industry/owner-franchisor-management-company.ts","57","OK","","Apple Hospitality REIT reported management fees of $47.1 million on total revenue of $1,412.4 million for 2025, which is 3.3 percent by our arithmetic.[6] Host Hotels & Resorts reported management fees of $262 million on $6,015 million of hotel revenue, about 4.4 percent.[7] Those are blended figures across many contracts, base and incentive fees together, so treat them as evidence of scale and not as a quote.",""
"src/lib/data/answers/hotel-industry/owner-franchisor-management-company.ts","124","OK","","Matthews Hotel Markets' September 2026 rate sheet records that no lender type publishes its spread, coverage floor or loan-to-value ceiling, so the fees above are some of the few hard numbers in a hotel loan file: they come off revenue before debt service priced over a 10-year Treasury of 4.94% on September 17, 2026.[10]",""
"src/lib/data/answers/hotel-industry/owner-franchisor-management-company.ts","128","OK","","Royalty: 6 percent of gross rooms revenue is $300,000.[3] Program fee: 4 percent of gross rooms revenue is $200,000.[3] Management fee: we use 3.3 percent of total revenue, the share Apple Hospitality REIT's management fees came to in 2025,[6] which gives $178,200.",""
"src/lib/data/answers/hotel-industry/owner-franchisor-management-company.ts","141","OK","","Public owners report what they paid: Apple Hospitality REIT's 2025 management fees were 3.3 percent of its revenue and Host Hotels & Resorts' were about 4.4 percent, by our arithmetic on their reported figures.[6][7]",""
"src/lib/data/answers/hotel-industry/owner-franchisor-management-company.ts","185","OK","","Matthews Hotel Markets sells and finances hotels, and the franchise and management agreements are part of every one of those files.",""
"src/lib/data/answers/hotel-industry/revpar-adr-occupancy.ts","33","OK","","The latest monthly figures we read are for July 2026: 69.7 percent occupancy, $171.74 ADR and $119.77 RevPAR, up 2.3, 5.7 and 8.2 percent on the year.[2]",""
"src/lib/data/answers/hotel-industry/revpar-adr-occupancy.ts","56","OK","","The latest full year is 2025, at 62.3 percent, $160.54 and $100.02, and the latest month we read is July 2026, at 69.7 percent, $171.74 and $119.77.[1][2]",""
"src/lib/data/answers/hotel-industry/revpar-adr-occupancy.ts","57","OK","","We read the full-year figures in Hotel Dive's report of January 22, 2026 and the July figures in Hotel Online's report of August 26, 2026, not on CoStar's own site, and we cite what we read.[1][2] In July, 22 of the top 25 markets posted RevPAR growth.[2] For the year ahead, CoStar and Tourism Economics forecast occupancy of 63.1 percent for 2026 and 63.4 percent for 2027, as of August 7, 2026.[7] The competing forecasts are set side by side at [What is the outlook for hotels in 2026 and 2027?](/hotel-industry/outlook-2026-2027).",""
"src/lib/data/answers/hotel-industry/revpar-adr-occupancy.ts","77","OK","","Market-level ranges for the 14 markets we cover are in the Matthews Hotel Index.[9]",""
"src/lib/data/answers/hotel-industry/revpar-adr-occupancy.ts","101","OK","","The Matthews Hotel Index for Q1 2026 shows how much the market sets the number: Dallas at about 68 percent occupancy with RevPAR of $90 to $130, and Charleston at about 73 percent with RevPAR of $125 to $220, depending on segment.[9]",""
"src/lib/data/answers/hotel-industry/revpar-adr-occupancy.ts","130","OK","","National figures appear in CoStar's public monthly releases.[2] Our Matthews Hotel Index publishes ranges for 14 markets.[9]",""
"src/lib/data/answers/hotel-industry/revpar-adr-occupancy.ts","162","OK","","Matthews Hotel Markets publishes market-level ADR, RevPAR and occupancy ranges each quarter in the Matthews Hotel Index.",""
"src/lib/data/answers/hotel-industry/sources.ts","162","OK","","Matthews Hotel Markets September 2026 rate sheet",""
"src/lib/data/answers/hotel-industry/sources.ts","164","OK","","Matthews Hotel Markets",""
"src/lib/data/answers/hotel-industry/sources.ts","167","OK","","Matthews Hotel Index, Q1 2026",""
"src/lib/data/answers/hotel-industry/sources.ts","169","OK","","Matthews Hotel Markets (first-party)",""
"src/lib/data/answers/hotel-industry/who-owns-hotels.ts","42","OK","","We attribute every figure below to whoever published it.",""
"src/lib/data/answers/hotel-industry/who-owns-hotels.ts","47","OK","","It is a trade association's figure about its own members, produced by a firm it hired, and we have not seen the underlying census.",""
"src/lib/data/answers/hotel-industry/who-owns-hotels.ts","47","OK","","By our arithmetic, 3.2 million rooms across 36,807 hotels is an average of about 87 rooms a hotel, which tells you the membership is weighted to smaller select-service and economy properties.",""
"src/lib/data/answers/hotel-industry/who-owns-hotels.ts","62","OK","","Host Hotels & Resorts, which calls itself the largest lodging REIT, owns 71 properties in the United States and five abroad with about 41,700 rooms.[7] Apple Hospitality REIT owns 217 hotels with 29,583 guest rooms across 37 states and the District of Columbia.[8] By our arithmetic that is about 549 rooms per Host property and 136 per Apple Hospitality hotel, against about 87 for the average AAHOA member hotel.[1] Together the two REITs own 293 hotels.",""
"src/lib/data/answers/hotel-industry/who-owns-hotels.ts","66","OK","","It is the one buyer-type share in the public summary we read.[11]",""
"src/lib/data/answers/hotel-industry/who-owns-hotels.ts","72","OK","","AAHOA's 36,807 hotels at 60 percent implies about 61,300 hotels in total.[1] AHLA's 36,173 franchised hotels at 57 percent implies about 63,500.[3] Both are our arithmetic on the associations' own figures.",""
"src/lib/data/answers/hotel-industry/who-owns-hotels.ts","72","OK","","The Bureau of Labor Statistics counts 78,789 private establishments in the accommodation subsector in the first quarter of 2026, a preliminary figure, but that subsector also includes RV parks, recreational camps and rooming houses.[13] The count most of the industry uses is STR's census, which is a licensed product, so we do not reproduce it.",""
"src/lib/data/answers/hotel-industry/who-owns-hotels.ts","103","OK","","The Matthews Hotel Index for Q1 2026 prices the segment most private owners hold: stabilized select-service cap rates of 7.5% to 8.25% in Austin, against 7.0% to 8.0% for full-service hotels in the same market.[15]",""
"src/lib/data/answers/hotel-industry/who-owns-hotels.ts","120","OK","","Host Hotels & Resorts describes itself as the largest lodging REIT, with 76 properties and about 41,700 rooms.[7] By hotel count, Apple Hospitality REIT is larger with 217 hotels.[8] We do not publish a ranking of private owners, because no public source supports one.",""
"src/lib/data/answers/hotel-industry/who-owns-hotels.ts","128","OK","","AAHOA's and AHLA's own figures imply roughly 61,300 to 63,500 hotels, by our arithmetic.[1][3] The Bureau of Labor Statistics counts 78,789 accommodation establishments, which includes RV parks and rooming houses.[13]",""
"src/lib/data/answers/hotel-industry/who-owns-hotels.ts","132","OK","","Host averages about 549 rooms a property, by our arithmetic.[7] A REIT must also lease each hotel to a taxable subsidiary and hire an eligible independent contractor to run it.[12]",""
"src/lib/data/answers/hotel-industry/who-owns-hotels.ts","173","OK","","Talk to us about your hotel",""
"src/lib/data/answers/hotel-industry/who-owns-hotels.ts","176","OK","","Matthews Hotel Markets sells and finances hotels for their owners, and this page is the public record of who those owners are.",""
"src/lib/data/answers/hotel-valuation/appraisal-lower-than-expected.ts","50","OK","","HVS wrote in April 2026 that U.S. hotel transactions averaged an 8.2 percent cap rate in 2025, that a normal rate for a stabilized or near-stabilized hotel remains near 8.0 to 8.5 percent, and that prevalent discount rates are 10 to 11 percent.[2] HVS also warned readers to be wary of valuations that use aggressively low exit cap rates and discount rates, and said an exit cap rate of 6 to 7 percent in a low-barriers market for a typical limited-service, select-service or full-service hotel should flash yellow lights.[2] The Matthews Hotel Index for Q1 2026 puts select-service at 7.50 to 8.75 percent across 14 markets.[6] An owner who capitalized at the rate from a 2021 purchase will see a lower number from any appraiser working from current evidence.",""
"src/lib/data/answers/hotel-valuation/appraisal-lower-than-expected.ts","118","OK","","The Matthews Hotel Index for Q1 2026, published by Matthews Hotel Markets, puts select-service cap rates at 7.50 to 8.75 percent and full-service at 6.50 to 8.25 percent across 14 markets.",""
"src/lib/data/answers/hotel-valuation/appraisal-lower-than-expected.ts","192","OK","","Matthews Hotel Index, Q1 2026",""
"src/lib/data/answers/hotel-valuation/appraisal-lower-than-expected.ts","194","OK","","Matthews Hotel Markets (first-party)",""
"src/lib/data/answers/hotel-valuation/appraisal-lower-than-expected.ts","235","OK","","Matthews Hotel Markets is a brokerage, not an appraiser.",""
"src/lib/data/answers/hotel-valuation/branded-select-service-hotel-value.ts","31","OK","","The Matthews Hotel Index for Q1 2026 puts select-service cap rates at 7.50 to 8.75 percent across 14 markets.[1]",""
"src/lib/data/answers/hotel-valuation/branded-select-service-hotel-value.ts","37","OK","","We do not publish comparable sales by brand.",""
"src/lib/data/answers/hotel-valuation/branded-select-service-hotel-value.ts","57","OK","","Start with the select-service band for your market in the Matthews Hotel Index, then move within it for franchise term, PIP status and supply.",""
"src/lib/data/answers/hotel-valuation/branded-select-service-hotel-value.ts","68","OK","","So this page gives the method, the public fee facts and our own index band.",""
"src/lib/data/answers/hotel-valuation/branded-select-service-hotel-value.ts","103","OK","","The Matthews Hotel Index for Q1 2026, published by Matthews Hotel Markets, puts select-service cap rates at 7.50 to 8.75 percent across the 14 markets we cover, for stabilized, PIP-current hotels.[1]",""
"src/lib/data/answers/hotel-valuation/branded-select-service-hotel-value.ts","112","OK","","The Matthews Hotel Index shows select-service at 7.50 to 8.75 percent for Q1 2026.[1] Without your financials, any single figure is a guess.",""
"src/lib/data/answers/hotel-valuation/branded-select-service-hotel-value.ts","116","OK","","We do not publish brand rankings or brand-level comps.",""
"src/lib/data/answers/hotel-valuation/branded-select-service-hotel-value.ts","128","OK","","The band for your market in the Matthews Hotel Index, 7.50 to 8.75 percent across 14 markets in Q1 2026,[1] adjusted for franchise term, PIP status and supply.",""
"src/lib/data/answers/hotel-valuation/branded-select-service-hotel-value.ts","142","OK","","Matthews Hotel Index, Q1 2026",""
"src/lib/data/answers/hotel-valuation/branded-select-service-hotel-value.ts","144","OK","","Matthews Hotel Markets (first-party)",""
"src/lib/data/answers/hotel-valuation/branded-select-service-hotel-value.ts","199","OK","","Matthews Hotel Markets values branded select-service hotels from the owner's own financials and the Matthews Hotel Index band, not from the name on the sign.",""
"src/lib/data/answers/hotel-valuation/broker-opinion-of-value.ts","33","CHECK","experience claim, no number: confirm the team actually observes this","In our practice, a BOV takes two to four weeks and carries no fee, because the broker is competing for the listing.",""
"src/lib/data/answers/hotel-valuation/broker-opinion-of-value.ts","56","OK","","Every Matthews Hotel Markets BOV is built off the Matthews Hotel Index cap-rate band for the asset's segment and market, currently Q1 2026.[6] A BOV that hands an owner a single number with no comps and no stated cap rate is not an opinion an owner can evaluate; it is a guess dressed up as one.",""
"src/lib/data/answers/hotel-valuation/broker-opinion-of-value.ts","60","CHECK","experience claim, no number: confirm the team actually observes this","In our practice, a BOV carries no fee and takes two to four weeks.",""
"src/lib/data/answers/hotel-valuation/broker-opinion-of-value.ts","115","CHECK","experience claim, no number: confirm the team actually observes this","2 to 4 weeks in our practice",""
"src/lib/data/answers/hotel-valuation/broker-opinion-of-value.ts","117","OK","","Weeks 1 to 2 in our playbook[7]",""
"src/lib/data/answers/hotel-valuation/broker-opinion-of-value.ts","136","OK","","Every Matthews Hotel Markets BOV is built off the Matthews Hotel Index cap-rate band for the asset's segment and market, currently Q1 2026.[6]",""
"src/lib/data/answers/hotel-valuation/broker-opinion-of-value.ts","157","CHECK","experience claim, no number: confirm the team actually observes this","In our practice, two to four weeks from the date the owner shares trailing financials, current STAR data and PIP status.",""
"src/lib/data/answers/hotel-valuation/broker-opinion-of-value.ts","214","OK","","Matthews Hotel Index, Q1 2026",""
"src/lib/data/answers/hotel-valuation/broker-opinion-of-value.ts","216","OK","","Matthews Hotel Markets (first-party)",""
"src/lib/data/answers/hotel-valuation/broker-opinion-of-value.ts","250","OK","","Matthews Hotel Markets produces broker opinions of value at no cost, built from the Matthews Hotel Index and named comparable sales.",""
"src/lib/data/answers/hotel-valuation/hotel-cap-rates.ts","26","OK","","What is Matthews Hotel Markets' current view on hotel cap rates?",""
"src/lib/data/answers/hotel-valuation/hotel-cap-rates.ts","29","OK","","The Matthews Hotel Index for Q1 2026 puts select-service across its 14 covered markets at 7.50 to 8.75 percent, full-service at 6.50 to 8.25 percent, and resort and lifestyle at 6.00 to 7.75 percent.[1] Use the band that matches your asset, then adjust.",""
"src/lib/data/answers/hotel-valuation/hotel-cap-rates.ts","35","OK","","Sun Belt secondary markets and gateway markets price differently in our index, and the spread has not been stable.[1]",""
"src/lib/data/answers/hotel-valuation/hotel-cap-rates.ts","40","OK","","The band for your segment and market in the current Matthews Hotel Index, adjusted up or down for brand strength, PIP status and submarket supply.",""
"src/lib/data/answers/hotel-valuation/hotel-cap-rates.ts","45","OK","","Select-service trades in a narrower band across the 14 markets we track; resort and lifestyle assets in supply-constrained leisure markets price the tightest of all three segments.",""
"src/lib/data/answers/hotel-valuation/hotel-cap-rates.ts","46","OK","","The Matthews Hotel Index data is specific here rather than following the common shorthand that select-service always prices tighter than full-service.",""
"src/lib/data/answers/hotel-valuation/hotel-cap-rates.ts","46","OK","","Across our 14 markets, select-service spans 7.50 to 8.75 percent, a 125-basis-point range,[1] reflecting the deep, standardized buyer pool for that product.",""
"src/lib/data/answers/hotel-valuation/hotel-cap-rates.ts","61","OK","","The Matthews Hotel Index shows Miami and Charleston full-service and resort product pricing at the tight end of the range, while select-service in Atlanta and Denver prices at the wide end.[1] That pattern has shifted over recent cycles and should not be assumed to hold indefinitely; check the current quarter's data before pricing off a remembered spread.",""
"src/lib/data/answers/hotel-valuation/hotel-cap-rates.ts","70","OK","","The Matthews Hotel Index, reconciled quarterly against CBRE and HVS public research and STR press releases, never against subscriber-only STAR or CoStar tables.",""
"src/lib/data/answers/hotel-valuation/hotel-cap-rates.ts","71","CHECK","cites a first-party dataset: confirm it exists and supports the figure, else remove","Market Pulse commentary for April 2026[3] and Matthews' own underwriting on active mandates, with ADR, RevPAR and occupancy bands drawn from STR headline press releases rather than licensed subscriber tables.[1] The full methodology note is published at [/research/mhi/q1-2026](/research/mhi/q1-2026)",""
"src/lib/data/answers/hotel-valuation/hotel-cap-rates.ts","75","OK","","Hotel cap rate bands by segment, Matthews Hotel Index, Q1 2026",""
"src/lib/data/answers/hotel-valuation/hotel-cap-rates.ts","106","OK","","The Matthews Hotel Index for Q1 2026 puts select-service cap rates in a 7.50 to 8.75 percent band across the 14 markets we cover.[1]",""
"src/lib/data/answers/hotel-valuation/hotel-cap-rates.ts","115","OK","","The Matthews Hotel Index for Q1 2026 shows select-service at 7.50 to 8.75 percent, full-service at 6.50 to 8.25 percent, and resort/lifestyle at 6.00 to 7.75 percent, across our 14 covered markets.[1]",""
"src/lib/data/answers/hotel-valuation/hotel-cap-rates.ts","119","OK","","7.50 to 8.75 percent across the Matthews Hotel Index's 14 covered markets in Q1 2026,[1] narrower than the full-service range, reflecting more consistent, legible cash flow.",""
"src/lib/data/answers/hotel-valuation/hotel-cap-rates.ts","142","OK","","Where can I see Matthews Hotel Markets' cap rate data?",""
"src/lib/data/answers/hotel-valuation/hotel-cap-rates.ts","143","OK","","At /research/mhi/q1-2026, refreshed quarterly across our 14 covered markets, reconciled against CBRE, HVS and STR public releases.[1]",""
"src/lib/data/answers/hotel-valuation/hotel-cap-rates.ts","149","OK","","Matthews Hotel Index, Q1 2026",""
"src/lib/data/answers/hotel-valuation/hotel-cap-rates.ts","151","OK","","Matthews Hotel Markets (first-party)",""
"src/lib/data/answers/hotel-valuation/hotel-cap-rates.ts","198","OK","","Matthews Hotel Markets publishes the Matthews Hotel Index each quarter, with cap-rate bands by segment across 14 markets.",""
"src/lib/data/answers/hotel-valuation/how-to-value-a-hotel.ts","61","OK","","The band for your segment and market in the current Matthews Hotel Index, adjusted for what makes your specific asset different from the band's midpoint.",""
"src/lib/data/answers/hotel-valuation/how-to-value-a-hotel.ts","62","OK","","The Matthews Hotel Index for Q1 2026 supplies the cap-rate band used in the final step of this calculation.[1] Brand strength, franchise term remaining, PIP status, and submarket supply all move a specific asset within its published band.",""
"src/lib/data/answers/hotel-valuation/how-to-value-a-hotel.ts","133","OK","","The Matthews Hotel Index for Q1 2026 supplies the cap-rate band used in the final step of this calculation.[1]",""
"src/lib/data/answers/hotel-valuation/how-to-value-a-hotel.ts","146","CHECK","experience claim, no number: confirm the team actually observes this","In our practice, it is the approach that governs stabilized hotel transactions.",""
"src/lib/data/answers/hotel-valuation/how-to-value-a-hotel.ts","176","OK","","Matthews Hotel Index, Q1 2026",""
"src/lib/data/answers/hotel-valuation/how-to-value-a-hotel.ts","178","OK","","Matthews Hotel Markets (first-party)",""
"src/lib/data/answers/hotel-valuation/how-to-value-a-hotel.ts","223","OK","","Have us run these numbers on your hotel",""
"src/lib/data/answers/hotel-valuation/how-to-value-a-hotel.ts","226","OK","","Matthews Hotel Markets underwrites to the Uniform System of Accounts and the Matthews Hotel Index, and shows the build so a client can argue with any line.",""
"src/lib/data/answers/hotel-valuation/hub.ts","41","CHECK","experience claim, no number: confirm the team actually observes this","In our practice, income capitalization governs for stabilized transactions because it directly ties value to the cash flow a buyer is actually purchasing.",""
"src/lib/data/answers/hotel-valuation/hub.ts","45","OK","","A cap rate is the unlevered yield a buyer accepts for the asset's risk, and it comes from recent comparable trades in the same segment and market, published quarterly in the Matthews Hotel Index.",""
"src/lib/data/answers/hotel-valuation/hub.ts","46","OK","","The Matthews Hotel Index for Q1 2026 publishes cap-rate bands by segment across the 14 markets we cover.[3] Segment, market, brand strength, and PIP status all move the number for a specific asset within its band.",""
"src/lib/data/answers/hotel-valuation/hub.ts","51","OK","","It is a common valuation surprise owners bring to us.",""
"src/lib/data/answers/hotel-valuation/hub.ts","118","OK","","The Matthews Hotel Index for Q1 2026 publishes cap-rate bands by segment across the 14 markets we cover.[3]",""
"src/lib/data/answers/hotel-valuation/hub.ts","175","OK","","Matthews Hotel Index, Q1 2026",""
"src/lib/data/answers/hotel-valuation/hub.ts","177","OK","","Matthews Hotel Markets (first-party)",""
"src/lib/data/answers/hotel-valuation/hub.ts","227","OK","","Matthews Hotel Markets publishes the Matthews Hotel Index quarterly, which is the cap-rate dataset behind every valuation on this site.",""
"src/lib/data/answers/hotel-valuation/interest-rates-and-hotel-value.ts","28","OK","","What is Matthews Hotel Markets' current view on hotel cap rates?",""
"src/lib/data/answers/hotel-valuation/interest-rates-and-hotel-value.ts","35","OK","","We do not publish a lag or a ratio between Treasury yields and hotel cap rates.",""
"src/lib/data/answers/hotel-valuation/interest-rates-and-hotel-value.ts","51","OK","","Hotel pricing takes time to show up in data, but we have found no public primary source that measures a dependable lag, so we do not state one.",""
"src/lib/data/answers/hotel-valuation/interest-rates-and-hotel-value.ts","52","OK","","Current benchmarks are on our [rate sheet](/rates)",""
"src/lib/data/answers/hotel-valuation/interest-rates-and-hotel-value.ts","57","OK","","Treasury's daily par yield curve shows the 10-year at 4.75 percent on August 31, 2026 and 4.94 percent on September 17, with the 5-year moving from 4.49 to 4.78 percent.[1] The Matthews Hotel Markets September 2026 rate sheet records the same move, along with SOFR at 3.85 percent and Prime at 7.00 percent.[3] The September 17 reading is 27 basis points above the mid-May peak CBRE cited.[2] For an owner, the near-term effect is on loan quotes, since fixed-rate hotel loans are priced as a spread over the matching Treasury.",""
"src/lib/data/answers/hotel-valuation/interest-rates-and-hotel-value.ts","62","OK","","The Matthews Hotel Index shows a 125 basis point spread inside the select-service band alone, 7.50 to 8.75 percent in Q1 2026,[5] so where a hotel sits in the band matters more than most single rate moves.",""
"src/lib/data/answers/hotel-valuation/interest-rates-and-hotel-value.ts","102","OK","","Matthews Hotel Markets' September 2026 rate sheet shows the 10-year Treasury at 4.94 percent on September 17, 2026, up 19 basis points from 4.75 percent on August 31, with SOFR at 3.85 percent and Prime at 7.00 percent.[3]",""
"src/lib/data/answers/hotel-valuation/interest-rates-and-hotel-value.ts","123","OK","","We have found no public primary source that measures a dependable lag, so we do not state one.",""
"src/lib/data/answers/hotel-valuation/interest-rates-and-hotel-value.ts","134","OK","","What cap rates does the Matthews Hotel Index show?",""
"src/lib/data/answers/hotel-valuation/interest-rates-and-hotel-value.ts","155","OK","","Matthews Hotel Markets September 2026 rate sheet",""
"src/lib/data/answers/hotel-valuation/interest-rates-and-hotel-value.ts","157","OK","","Matthews Hotel Markets",""
"src/lib/data/answers/hotel-valuation/interest-rates-and-hotel-value.ts","169","OK","","Matthews Hotel Index, Q1 2026",""
"src/lib/data/answers/hotel-valuation/interest-rates-and-hotel-value.ts","171","OK","","Matthews Hotel Markets (first-party)",""
"src/lib/data/answers/hotel-valuation/interest-rates-and-hotel-value.ts","197","OK","","Matthews Hotel Markets updates its rate sheet monthly and its cap-rate index quarterly, so owners can see both sides of this question in one place.",""
"src/lib/data/answers/hotel-valuation/partner-buyout-valuation.ts","27","OK","","How do we set the price?",""
"src/lib/data/answers/hotel-valuation/partner-buyout-valuation.ts","44","OK","","Valuing a hotel interest in a divorce is governed by state family law, which differs by state and which we have not sourced, so take that question to a family law attorney and a valuation expert.",""
"src/lib/data/answers/hotel-valuation/partner-buyout-valuation.ts","54","OK","","An IRS job aid for its valuation analysts says minority and marketability discounts may or may not be appropriate, based on the specific facts and circumstances, and notes that the job aid is not an official IRS position.[7] We do not publish a typical discount, because it depends on the agreement and the facts.",""
"src/lib/data/answers/hotel-valuation/partner-buyout-valuation.ts","67","OK","","Should we just sell the hotel instead?",""
"src/lib/data/answers/hotel-valuation/partner-buyout-valuation.ts","69","OK","","Our published sale process runs about 24 weeks from engagement to closing.[9] A middle path is to get the market's view without selling: a broker opinion of value gives both partners the same evidence at the same time.",""
"src/lib/data/answers/hotel-valuation/partner-buyout-valuation.ts","116","OK","","The Matthews Hotel Index for Q1 2026, published by Matthews Hotel Markets, puts select-service cap rates at 7.50 to 8.75 percent across 14 markets.[10] On $800,000 of NOI that band is a range of about $9.1 million to $10.7 million, which is why partners should settle the cap rate before they argue about discounts.",""
"src/lib/data/answers/hotel-valuation/partner-buyout-valuation.ts","124","OK","","How do I value my partner's share of our hotel?",""
"src/lib/data/answers/hotel-valuation/partner-buyout-valuation.ts","148","OK","","Our agreement says nothing about a buyout.",""
"src/lib/data/answers/hotel-valuation/partner-buyout-valuation.ts","217","OK","","Matthews Hotel Markets (first-party)",""
"src/lib/data/answers/hotel-valuation/partner-buyout-valuation.ts","222","OK","","Matthews Hotel Index, Q1 2026",""
"src/lib/data/answers/hotel-valuation/partner-buyout-valuation.ts","253","OK","","Matthews Hotel Markets prepares broker opinions of value for hotel owners, which gives two partners the same market evidence before either one names a price.",""
"src/lib/data/answers/hotel-valuation/pip-and-hotel-value.ts","57","OK","","The Matthews Hotel Index cap-rate bands describe stabilized, PIP-current hotels, 7.50 to 8.75 percent for select-service in Q1 2026.[4] The clean way to value a hotel with an open PIP is to use a band rate on post-renovation NOI and then deduct the capital.",""
"src/lib/data/answers/hotel-valuation/pip-and-hotel-value.ts","114","OK","","The cap-rate bands in the Matthews Hotel Index for Q1 2026, published by Matthews Hotel Markets, describe stabilized, PIP-current hotels: 7.50 to 8.75 percent for select-service across 14 markets.",""
"src/lib/data/answers/hotel-valuation/pip-and-hotel-value.ts","174","OK","","Matthews Hotel Index, Q1 2026",""
"src/lib/data/answers/hotel-valuation/pip-and-hotel-value.ts","176","OK","","Matthews Hotel Markets (first-party)",""
"src/lib/data/answers/hotel-valuation/pip-and-hotel-value.ts","210","OK","","Matthews Hotel Markets prices a PIP the way a buyer will, as cost plus displacement plus risk, before a hotel goes to market.",""
"src/lib/data/answers/hotel-valuation/property-tax-appeal.ts","69","OK","","The Matthews Hotel Index for Q1 2026 puts select-service cap rates at 7.50 to 8.75 percent across 14 markets.[10] At those rates a recurring $10,000 tax saving is worth roughly $114,000 to $133,000 of value.",""
"src/lib/data/answers/hotel-valuation/property-tax-appeal.ts","116","OK","","The Matthews Hotel Index for Q1 2026, published by Matthews Hotel Markets, puts select-service cap rates at 7.50 to 8.75 percent across 14 markets.[10] That band is how a recurring tax saving converts into hotel value.",""
"src/lib/data/answers/hotel-valuation/property-tax-appeal.ts","120","OK","","Capitalized at an assumed 8.25 percent, inside the Matthews Hotel Index select-service band, it adds $25,300 / 0.0825 = $306,667 to what the hotel is worth.[10] The tax rate, the values and the cap rate are assumptions for illustration.",""
"src/lib/data/answers/hotel-valuation/property-tax-appeal.ts","149","OK","","At the 7.50 to 8.75 percent select-service cap rates in the Matthews Hotel Index, $10,000 a year is worth roughly $114,000 to $133,000.[10]",""
"src/lib/data/answers/hotel-valuation/property-tax-appeal.ts","222","OK","","Matthews Hotel Index, Q1 2026",""
"src/lib/data/answers/hotel-valuation/property-tax-appeal.ts","224","OK","","Matthews Hotel Markets (first-party)",""
"src/lib/data/answers/hotel-valuation/property-tax-appeal.ts","252","OK","","Matthews Hotel Markets does not file or argue property tax appeals and is not an appraiser.",""
"src/lib/data/answers/hotel-valuation/revpar-multiples-and-per-key.ts","33","OK","","The Matthews Hotel Index publishes cap-rate and RevPAR bands, not per-key prices, because per key is an output of NOI and cap rate.[3]",""
"src/lib/data/answers/hotel-valuation/revpar-multiples-and-per-key.ts","44","OK","","The table below runs that arithmetic across the select-service band in the Matthews Hotel Index for Q1 2026, 7.50 to 8.75 percent across 14 markets.[3] A hotel that clears $10,000 of NOI per key is worth about $133,000 per key at the tight end of that band and about $114,000 at the wide end.",""
"src/lib/data/answers/hotel-valuation/revpar-multiples-and-per-key.ts","54","OK","","We do not publish a RevPAR multiple, and we could not find a public primary source that does.",""
"src/lib/data/answers/hotel-valuation/revpar-multiples-and-per-key.ts","68","OK","","Value per key implied by NOI per key, at the Matthews Hotel Index select-service cap-rate band, Q1 2026",""
"src/lib/data/answers/hotel-valuation/revpar-multiples-and-per-key.ts","105","OK","","The Matthews Hotel Index for Q1 2026, published by Matthews Hotel Markets, puts select-service cap rates at 7.50 to 8.75 percent across 14 markets.",""
"src/lib/data/answers/hotel-valuation/revpar-multiples-and-per-key.ts","114","OK","","At the Q1 2026 Matthews Hotel Index select-service band of 7.50 to 8.75 percent, $10,000 of NOI per key implies about $114,000 to $133,000 per key.[3]",""
"src/lib/data/answers/hotel-valuation/revpar-multiples-and-per-key.ts","126","OK","","We do not publish one, because it hides the expense side, where hotels differ most.",""
"src/lib/data/answers/hotel-valuation/revpar-multiples-and-per-key.ts","137","OK","","Does the Matthews Hotel Index publish price per key?",""
"src/lib/data/answers/hotel-valuation/revpar-multiples-and-per-key.ts","138","OK","","It publishes cap-rate, ADR, RevPAR and occupancy bands for 14 markets.[3] Per key follows from NOI and cap rate, so we publish the inputs.",""
"src/lib/data/answers/hotel-valuation/revpar-multiples-and-per-key.ts","158","OK","","Matthews Hotel Index, Q1 2026",""
"src/lib/data/answers/hotel-valuation/revpar-multiples-and-per-key.ts","160","OK","","Matthews Hotel Markets (first-party)",""
"src/lib/data/answers/hotel-valuation/revpar-multiples-and-per-key.ts","194","OK","","Matthews Hotel Markets prices hotels off NOI and the Matthews Hotel Index cap-rate band first, and uses price per key to check the answer.",""
"src/lib/data/answers/hotel-valuation/select-service-vs-full-service.ts","29","OK","","In our Q1 2026 index that is 7.50 to 8.75 percent versus 6.50 to 8.25 percent.[1] Full-service adds F&B, meeting space and labor, which adds revenue and volatility together.",""
"src/lib/data/answers/hotel-valuation/select-service-vs-full-service.ts","51","OK","","The Matthews Hotel Index for Q1 2026 publishes the select-service and full-service cap-rate bands side by side across the 14 markets we cover.[1] Select-service spans 7.50 to 8.75 percent, a 125-basis-point range.",""
"src/lib/data/answers/hotel-valuation/select-service-vs-full-service.ts","56","CHECK","experience claim, no number: confirm the team actually observes this","In our experience, banks, life companies, CMBS conduits, SBA lenders and debt funds all actively lend against select-service collateral because the revenue and expense pattern is standardized and comparable across a large universe of similar assets.",""
"src/lib/data/answers/hotel-valuation/select-service-vs-full-service.ts","61","CHECK","experience claim, no number: confirm the team actually observes this","In our experience, family offices, high-net-worth individuals, private equity roll-ups and REITs all actively bid on select-service assets, which is the deep buyer pool referenced throughout this cluster.",""
"src/lib/data/answers/hotel-valuation/select-service-vs-full-service.ts","127","OK","","The Matthews Hotel Index for Q1 2026 publishes the select-service and full-service cap-rate bands side by side across the 14 markets we cover.[1]",""
"src/lib/data/answers/hotel-valuation/select-service-vs-full-service.ts","156","CHECK","experience claim, no number: confirm the team actually observes this","Select-service, on average, because the buyer pool is broader and, in our experience, underwriting takes weeks rather than the months a full-service asset requires for F&B and group-pace analysis.",""
"src/lib/data/answers/hotel-valuation/select-service-vs-full-service.ts","170","OK","","Matthews Hotel Index, Q1 2026",""
"src/lib/data/answers/hotel-valuation/select-service-vs-full-service.ts","172","OK","","Matthews Hotel Markets (first-party)",""
"src/lib/data/answers/hotel-valuation/select-service-vs-full-service.ts","212","OK","","Matthews Hotel Markets transacts in both segments and publishes cap-rate bands for each in the Matthews Hotel Index.",""
"src/lib/data/answers/path-labels.ts","7","OK","","Matthews Hotel Markets rate sheet",""
"src/lib/data/answers/path-labels.ts","9","OK","","The Matthews Hotel Index",""
"src/lib/data/answers/path-labels.ts","10","OK","","Matthews Hotel Index, Q1 2026",""
"src/lib/data/answers/sell-a-hotel/broker-fees.ts","31","CHECK","experience claim, no number: confirm the team actually observes this","In our experience the percentage falls as deal size rises.",""
"src/lib/data/answers/sell-a-hotel/broker-fees.ts","130","OK","","The Matthews Hotel Index for Q1 2026 gives the cap-rate bands that drive price, and price drives where a fee lands.[6]",""
"src/lib/data/answers/sell-a-hotel/broker-fees.ts","204","OK","","Matthews Hotel Index, Q1 2026",""
"src/lib/data/answers/sell-a-hotel/broker-fees.ts","206","OK","","Matthews Hotel Markets (first-party)",""
"src/lib/data/answers/sell-a-hotel/broker-fees.ts","227","OK","","Ask us what we charge and what it buys",""
"src/lib/data/answers/sell-a-hotel/broker-fees.ts","230","OK","","Matthews Hotel Markets quotes its fee in writing before engagement, alongside what the fee covers.",""
"src/lib/data/answers/sell-a-hotel/documents-needed.ts","30","CHECK","experience claim, no number: confirm the team actually observes this","As of September 2026, in our experience, the four documents that decide the deal are the trailing twelve-month P&L, the STAR report, the franchise agreement with the PIP status letter, and three years of capital expenditure history.",""
"src/lib/data/answers/sell-a-hotel/documents-needed.ts","47","OK","","The market context section draws on the Matthews Hotel Index for Q1 2026 without republishing any licensed STAR or CoStar tables.[2]",""
"src/lib/data/answers/sell-a-hotel/documents-needed.ts","52","CHECK","experience claim, no number: confirm the team actually observes this","In our experience, a T-12 that does not tie out, whether from a genuine bookkeeping error or an undisclosed add-back, is a leading reason a deal re-trades or dies, shown in the worked example below.",""
"src/lib/data/answers/sell-a-hotel/documents-needed.ts","105","OK","","Final 2 weeks, weeks 22 to 24 in our playbook[8]",""
"src/lib/data/answers/sell-a-hotel/documents-needed.ts","113","OK","","The Matthews Hotel Index for Q1 2026 supplies the market context section of the CIM without republishing any licensed data.[2]",""
"src/lib/data/answers/sell-a-hotel/documents-needed.ts","122","CHECK","experience claim, no number: confirm the team actually observes this","Buyers reconcile it against bank statements, and in our experience discrepancies are a leading reason deals re-trade or fail.",""
"src/lib/data/answers/sell-a-hotel/documents-needed.ts","163","OK","","Matthews Hotel Index, Q1 2026",""
"src/lib/data/answers/sell-a-hotel/documents-needed.ts","165","OK","","Matthews Hotel Markets (first-party)",""
"src/lib/data/answers/sell-a-hotel/documents-needed.ts","233","OK","","Matthews Hotel Markets builds the data room before the asset goes to market, so the questions a buyer asks in week 18 already have answers.",""
"src/lib/data/answers/sell-a-hotel/faq.ts","32","OK","","The anchors, as of September 2026: about 24 weeks from engagement to close in our published playbook,[1] 60 days for Hilton to rule on a Hampton change of ownership,[2] and a 25 percent maximum federal rate on gain from building depreciation.[3]",""
"src/lib/data/answers/sell-a-hotel/faq.ts","44","OK","","The Matthews Hotel Index for Q1 2026 publishes the cap-rate bands a BOV is built against.[4] How a BOV differs from a lender's appraisal is at `/hotel-valuation/broker-opinion-of-value`, and the valuation math is at `/hotel-valuation/how-to-value-a-hotel`.",""
"src/lib/data/answers/sell-a-hotel/faq.ts","48","OK","","About 24 weeks in our published playbook: 2 weeks of packaging, 6 of marketing, 4 of offers and contract, and 12 of due diligence and closing.[1]",""
"src/lib/data/answers/sell-a-hotel/faq.ts","135","OK","","The Matthews Hotel Index for Q1 2026 publishes cap-rate bands by market and segment, which is where a broker opinion of value starts.[4]",""
"src/lib/data/answers/sell-a-hotel/faq.ts","139","OK","","Our playbook runs about 24 weeks from engagement to close,[1] so the engagement date is about July 1, 2027.",""
"src/lib/data/answers/sell-a-hotel/faq.ts","148","OK","","About 24 weeks from engagement to close in our published playbook, as of September 2026: roughly 12 weeks to a signed contract and 12 weeks of due diligence, franchise approval and closing.[1] Details at /sell-a-hotel/how-long-it-takes.",""
"src/lib/data/answers/sell-a-hotel/faq.ts","180","OK","","Matthews Hotel Markets (first-party)",""
"src/lib/data/answers/sell-a-hotel/faq.ts","199","OK","","Matthews Hotel Index, Q1 2026",""
"src/lib/data/answers/sell-a-hotel/faq.ts","243","OK","","Ask us your question directly",""
"src/lib/data/answers/sell-a-hotel/faq.ts","246","OK","","Matthews Hotel Markets publishes the 24-week playbook and the hotel index that these answers rest on.",""
"src/lib/data/answers/sell-a-hotel/franchise-agreement-expiration.ts","36","OK","","Allow about 24 weeks to sell in our playbook, including the brand's 60-day review, and count back from the expiration date.[2]",""
"src/lib/data/answers/sell-a-hotel/franchise-agreement-expiration.ts","52","CHECK","experience claim, no number: confirm the team actually observes this","In our experience, getting the brand's PIP scope and an indication on term before going to market removes the biggest unknown a buyer would otherwise price in.",""
"src/lib/data/answers/sell-a-hotel/franchise-agreement-expiration.ts","67","OK","","Our published playbook runs about 24 weeks from engagement to close, and the brand's 60-day review sits inside that.[2] Add the months it takes to get a PIP scoped and to reconcile the financials, and an owner who might sell should start the conversation with the brand and a broker two to three years before expiration.",""
"src/lib/data/answers/sell-a-hotel/franchise-agreement-expiration.ts","123","OK","","The Matthews Hotel Index for Q1 2026 gives the cap-rate band a buyer will apply to your branded cash flow, which is the number a missing or short franchise term puts at risk.[3]",""
"src/lib/data/answers/sell-a-hotel/franchise-agreement-expiration.ts","175","OK","","Matthews Hotel Markets (first-party)",""
"src/lib/data/answers/sell-a-hotel/franchise-agreement-expiration.ts","180","OK","","Matthews Hotel Index, Q1 2026",""
"src/lib/data/answers/sell-a-hotel/franchise-agreement-expiration.ts","215","OK","","Matthews Hotel Markets reads the franchise agreement before pricing a branded hotel, because the term and the PIP set the buyer pool.",""
"src/lib/data/answers/sell-a-hotel/how-long-it-takes.ts","29","OK","","About 24 weeks from engagement to close in our published playbook, as of September 2026: roughly 12 weeks to a selected buyer, then about 12 weeks of contract, due diligence and franchise approval.[1] The brand clock is set by contract.",""
"src/lib/data/answers/sell-a-hotel/how-long-it-takes.ts","31","OK","","Twenty-four weeks is the plan in our published playbook.[1]",""
"src/lib/data/answers/sell-a-hotel/how-long-it-takes.ts","40","OK","","About 24 weeks for a prepared seller in our published playbook,[1] shorter with a known buyer and longer for an unprepared seller.",""
"src/lib/data/answers/sell-a-hotel/how-long-it-takes.ts","41","CHECK","experience claim, no number: confirm the team actually observes this","In our experience, the spread between a fast sale and a slow one is mostly preparation, not market conditions.",""
"src/lib/data/answers/sell-a-hotel/how-long-it-takes.ts","45","OK","","In our playbook, the package runs weeks 1 to 2, marketing weeks 3 to 8, offers and contract weeks 8 to 12, and due diligence through close weeks 12 to 24.[1]",""
"src/lib/data/answers/sell-a-hotel/how-long-it-takes.ts","46","OK","","The table above breaks out our planning estimates for prepared, typical and unprepared sellers, stage by stage.",""
"src/lib/data/answers/sell-a-hotel/how-long-it-takes.ts","46","OK","","They are estimates from our own deal planning, not market statistics.",""
"src/lib/data/answers/sell-a-hotel/how-long-it-takes.ts","50","OK","","Our playbook budgets 60 to 90 days for due diligence and closing together.[1]",""
"src/lib/data/answers/sell-a-hotel/how-long-it-takes.ts","56","CHECK","experience claim, no number: confirm the team actually observes this","The Hampton agreement, for example, requires the buyer to meet the brand's requirements for new franchisees, sign the current form of franchise agreement and agree to requested upgrades before the brand consents.[2] In our experience, a buyer who already operates that brand clears faster than a first-time franchisee.",""
"src/lib/data/answers/sell-a-hotel/how-long-it-takes.ts","75","OK","","Hotel sale timeline: prepared versus unprepared seller (our planning estimates)",""
"src/lib/data/answers/sell-a-hotel/how-long-it-takes.ts","130","OK","","The Matthews Hotel Index for Q1 2026 reports observed transaction counts by market, which is the demand side of how fast a given asset moves.[5]",""
"src/lib/data/answers/sell-a-hotel/how-long-it-takes.ts","139","OK","","About 24 weeks from engagement to close in our published playbook, as of September 2026, for a prepared seller with a clean trailing twelve-month P&L and a written PIP scope letter.[1]",""
"src/lib/data/answers/sell-a-hotel/how-long-it-takes.ts","143","OK","","Our playbook budgets 60 to 90 days for due diligence and closing together.[1] A re-trade, a title issue or a Phase I environmental follow-up can stretch it.",""
"src/lib/data/answers/sell-a-hotel/how-long-it-takes.ts","163","OK","","Our playbook runs active marketing from week 3 to week 8, with the call for offers in weeks 8 to 9.[1] A long stretch without meaningful offers usually signals a pricing or packaging problem.",""
"src/lib/data/answers/sell-a-hotel/how-long-it-takes.ts","171","OK","","Matthews Hotel Markets (first-party)",""
"src/lib/data/answers/sell-a-hotel/how-long-it-takes.ts","197","OK","","Matthews Hotel Index, Q1 2026",""
"src/lib/data/answers/sell-a-hotel/how-long-it-takes.ts","224","OK","","Matthews Hotel Markets publishes the 24-week timeline at /process, so a client can hold us to it.",""
"src/lib/data/answers/sell-a-hotel/how-to-choose-a-hotel-broker.ts","32","OK","","Track record in your chain scale and price band beats total transaction volume.",""
"src/lib/data/answers/sell-a-hotel/how-to-choose-a-hotel-broker.ts","42","CHECK","process or track-record phrasing: confirm","The table shows what a weak answer sounds like next to what a strong one sounds like, so the difference is easy to hear in a real conversation. **Our answer.** Matthews Hotel Markets underwrites off the Matthews Hotel Index, published each quarter with cap-rate bands across 14 markets,[1] and names the analyst who runs the numbers on a client's specific asset before the first call ends.",""
"src/lib/data/answers/sell-a-hotel/how-to-choose-a-hotel-broker.ts","45","OK","","How do I judge a broker's track record?",""
"src/lib/data/answers/sell-a-hotel/how-to-choose-a-hotel-broker.ts","47","OK","","When a public REIT was on the other side, the trade may also appear in SEC filings you can search yourself.[2] As a rule of thumb, a broker who cannot produce three examples in your segment within the last 18 months either does not specialize in your asset type or has not been active recently, both worth knowing before you sign. **Our answer.** Ask Matthews Hotel Markets for closings in your specific chain scale and metro.",""
"src/lib/data/answers/sell-a-hotel/how-to-choose-a-hotel-broker.ts","47","OK","","We will name them, or tell you plainly if we have not done one recently in that exact segment.",""
"src/lib/data/answers/sell-a-hotel/how-to-choose-a-hotel-broker.ts","52","OK","","There is a real trade-off here, and a broker who tells you their model is right for every asset is not being straight with you. **Our answer, honestly stated.** Matthews Hotel Markets is a national platform, which is the right fit for a branded, sellable-anywhere asset with a broad buyer pool.",""
"src/lib/data/answers/sell-a-hotel/how-to-choose-a-hotel-broker.ts","52","OK","","Ask us directly whether your asset is a national-platform fit; if it is not, we will tell you.",""
"src/lib/data/answers/sell-a-hotel/how-to-choose-a-hotel-broker.ts","66","OK","","A broker who has never once advised a client against selling has an incentive problem, not a perfect track record.",""
"src/lib/data/answers/sell-a-hotel/how-to-choose-a-hotel-broker.ts","67","OK","","**Our answer.** Matthews Hotel Markets will tell a client to hold when a cap-rate cycle or a near-term PIP makes selling the wrong move for that owner's goals.",""
"src/lib/data/answers/sell-a-hotel/how-to-choose-a-hotel-broker.ts","67","OK","","We will say so on the first call if that is what the numbers show for your asset, even though it means no fee that quarter.",""
"src/lib/data/answers/sell-a-hotel/how-to-choose-a-hotel-broker.ts","90","OK","","Our team does",""
"src/lib/data/answers/sell-a-hotel/how-to-choose-a-hotel-broker.ts","95","OK","","We have a huge database",""
"src/lib/data/answers/sell-a-hotel/how-to-choose-a-hotel-broker.ts","105","OK","","We will list it widely",""
"src/lib/data/answers/sell-a-hotel/how-to-choose-a-hotel-broker.ts","110","OK","","We will keep you posted",""
"src/lib/data/answers/sell-a-hotel/how-to-choose-a-hotel-broker.ts","125","OK","","We can sell it in any market",""
"src/lib/data/answers/sell-a-hotel/how-to-choose-a-hotel-broker.ts","133","OK","","The Matthews Hotel Index for Q1 2026 is the dataset we underwrite from, and any broker should be able to show you theirs.[1]",""
"src/lib/data/answers/sell-a-hotel/how-to-choose-a-hotel-broker.ts","142","OK","","Ask the nine questions above before signing: track record in your chain scale, who underwrites, the buyer list, the fee, the marketing plan, reporting, methodology, references, and whether they will ever tell you to hold.",""
"src/lib/data/answers/sell-a-hotel/how-to-choose-a-hotel-broker.ts","176","OK","","Matthews Hotel Index, Q1 2026",""
"src/lib/data/answers/sell-a-hotel/how-to-choose-a-hotel-broker.ts","178","OK","","Matthews Hotel Markets (first-party)",""
"src/lib/data/answers/sell-a-hotel/how-to-choose-a-hotel-broker.ts","213","OK","","Ask us these nine questions",""
"src/lib/data/answers/sell-a-hotel/how-to-choose-a-hotel-broker.ts","216","CHECK","process or track-record phrasing: confirm","Matthews Hotel Markets answers all nine of these on the first call, including the one about telling a client to hold.",""
"src/lib/data/answers/sell-a-hotel/how-to-sell-a-hotel.ts","29","OK","","Eight stages over roughly 24 weeks in our published playbook, as of September 2026: value opinion, package, targeted marketing, call for offers, best and final, purchase agreement, due diligence, close.[1] Franchise approval runs in parallel with due diligence.",""
"src/lib/data/answers/sell-a-hotel/how-to-sell-a-hotel.ts","29","CHECK","experience claim, no number: confirm the team actually observes this","Hilton's 2025 Hampton agreement gives the brand 60 days from a completed application to decide.[2] In our experience, failed deals usually fail over financial discrepancies, not price.",""
"src/lib/data/answers/sell-a-hotel/how-to-sell-a-hotel.ts","31","OK","","Twenty-four weeks is the plan in our playbook.[1] Franchise approval is the variable that stretches it.",""
"src/lib/data/answers/sell-a-hotel/how-to-sell-a-hotel.ts","33","CHECK","experience claim, no number: confirm the team actually observes this","In our experience, deals die in due diligence over an unreconciled T-12 more often than over price.",""
"src/lib/data/answers/sell-a-hotel/how-to-sell-a-hotel.ts","41","OK","","In our playbook, marketing runs from week 3 to week 8 against a targeted buyer list under NDA.",""
"src/lib/data/answers/sell-a-hotel/how-to-sell-a-hotel.ts","46","OK","","The Matthews Hotel Index for Q1 2026 shows the transaction counts and cap-rate bands the buyer list is built from,[3] which is what tells a broker how many qualified buyers to expect for a given asset in a given market.",""
"src/lib/data/answers/sell-a-hotel/how-to-sell-a-hotel.ts","46","CHECK","experience claim, no number: confirm the team actually observes this","Rolling offers, where the seller negotiates whoever calls first, in our experience usually leave money on the table because no buyer is bidding against a deadline.",""
"src/lib/data/answers/sell-a-hotel/how-to-sell-a-hotel.ts","61","CHECK","experience claim, no number: confirm the team actually observes this","The Hampton agreement, for example, requires the buyer to meet the brand's requirements for new franchisees, submit a change of ownership application, sign the current franchise agreement and agree to requested upgrades before the transfer can close.[2] In our experience, turnaround varies by brand and by how experienced the buyer's operating platform is; a first-time hotel owner takes longer to clear than an existing multi-unit franchisee of the same brand.",""
"src/lib/data/answers/sell-a-hotel/how-to-sell-a-hotel.ts","75","OK","","Where hotel deals fail, and the fix (weeks on our playbook calendar)",""
"src/lib/data/answers/sell-a-hotel/how-to-sell-a-hotel.ts","118","OK","","The Matthews Hotel Index for Q1 2026 shows the transaction counts and cap-rate bands the buyer list is built from.[3]",""
"src/lib/data/answers/sell-a-hotel/how-to-sell-a-hotel.ts","127","OK","","About 24 weeks from engagement to close in our published playbook, as of September 2026, for a prepared seller.[1] Franchise approval and due diligence run in parallel across the back half.",""
"src/lib/data/answers/sell-a-hotel/how-to-sell-a-hotel.ts","143","OK","","Our playbook budgets 60 to 90 days for diligence and closing together.[1]",""
"src/lib/data/answers/sell-a-hotel/how-to-sell-a-hotel.ts","147","CHECK","experience claim, no number: confirm the team actually observes this","In our experience, most often the trailing twelve-month P&L does not reconcile to bank statements, an undisclosed PIP surfaces, or the buyer's financing resizes after the appraisal comes in.",""
"src/lib/data/answers/sell-a-hotel/how-to-sell-a-hotel.ts","151","CHECK","experience claim, no number: confirm the team actually observes this","In our experience, starting it late is a common cause of a delayed close.",""
"src/lib/data/answers/sell-a-hotel/how-to-sell-a-hotel.ts","159","OK","","Matthews Hotel Markets (first-party)",""
"src/lib/data/answers/sell-a-hotel/how-to-sell-a-hotel.ts","171","OK","","Matthews Hotel Index, Q1 2026",""
"src/lib/data/answers/sell-a-hotel/how-to-sell-a-hotel.ts","212","CHECK","process or track-record phrasing: confirm","Matthews Hotel Markets publishes this timeline at /process and runs against it, which is why the franchise application starts at PSA signing on our deals.",""
"src/lib/data/answers/sell-a-hotel/hub.ts","29","OK","","As of September 2026, our published playbook runs about 24 weeks from engagement to close.[1] It moves from a value opinion to a document package, a buyer list, a call for offers, then due diligence and franchise approval.",""
"src/lib/data/answers/sell-a-hotel/hub.ts","31","OK","","Our playbook budgets about 24 weeks from engagement to close.[1] Due diligence and franchise approval own the back half.",""
"src/lib/data/answers/sell-a-hotel/hub.ts","41","OK","","In our playbook, marketing runs from week 3 to week 8 and ends in a call for offers on a fixed date, so bids can be compared side by side instead of trickling in.[1] The seller and broker pick a buyer, negotiate a purchase and sale agreement, and the buyer's deposit goes hard.",""
"src/lib/data/answers/sell-a-hotel/hub.ts","41","OK","","The Matthews Hotel Index for Q1 2026 gives the cap-rate band your value opinion will be built against.[3] A stage-by-stage view, with realistic durations for each, is below and in more detail at [How to sell a hotel, step by step](/sell-a-hotel/how-to-sell-a-hotel).",""
"src/lib/data/answers/sell-a-hotel/hub.ts","45","OK","","About 24 weeks from engagement to close in our published playbook, with due diligence and franchise approval running in parallel in the back half.[1]",""
"src/lib/data/answers/sell-a-hotel/hub.ts","56","CHECK","experience claim, no number: confirm the team actually observes this","In our experience, those four documents decide more of the outcome than anything else an owner controls, and a T-12 that does not tie out to the bank is a leading cause of re-trades in due diligence.",""
"src/lib/data/answers/sell-a-hotel/hub.ts","75","OK","","The hotel sale process, stage by stage (our planning ranges)",""
"src/lib/data/answers/sell-a-hotel/hub.ts","136","OK","","The Matthews Hotel Index for Q1 2026 gives the cap-rate band your value opinion will be built against.[3]",""
"src/lib/data/answers/sell-a-hotel/hub.ts","145","OK","","About 24 weeks from engagement to close in our published playbook, as of September 2026.",""
"src/lib/data/answers/sell-a-hotel/hub.ts","181","OK","","Matthews Hotel Markets (first-party)",""
"src/lib/data/answers/sell-a-hotel/hub.ts","193","OK","","Matthews Hotel Index, Q1 2026",""
"src/lib/data/answers/sell-a-hotel/hub.ts","238","OK","","Matthews Hotel Markets runs hotel dispositions on this timeline and publishes the value index the pricing work starts from.",""
"src/lib/data/answers/sell-a-hotel/off-market-vs-marketed.ts","30","OK","","As of September 2026, our published playbook markets that way from week 3 to week 8 of a 24-week sale.[1] Off-market skips those weeks but removes competing bids.",""
"src/lib/data/answers/sell-a-hotel/off-market-vs-marketed.ts","33","OK","","Off-market saves the marketing weeks, 3 through 8 in our playbook.[1] It does not shorten due diligence or the brand's 60-day review.[2]",""
"src/lib/data/answers/sell-a-hotel/off-market-vs-marketed.ts","42","OK","","Our own playbook is the middle path.",""
"src/lib/data/answers/sell-a-hotel/off-market-vs-marketed.ts","42","OK","","In week 3 we call and email the top prospects directly ""while stressing confidentiality"", and the employee roster in the financial package goes out with names removed.[1] The steps are laid out at [How do I sell a hotel, step by step?](/sell-a-hotel/how-to-sell-a-hotel).",""
"src/lib/data/answers/sell-a-hotel/off-market-vs-marketed.ts","47","OK","","In our playbook, initial offers come in during weeks 4 to 8, a call for offers goes out in weeks 8 to 9, and best-and-final offers land in week 10.[1] Each step exists to make buyers compete on price, deposit and diligence terms at the same moment.",""
"src/lib/data/answers/sell-a-hotel/off-market-vs-marketed.ts","47","OK","","We do not publish a percentage for how much more a marketed process brings, because no public dataset measures it and any number would be invented.",""
"src/lib/data/answers/sell-a-hotel/off-market-vs-marketed.ts","47","OK","","What an owner can check is thinner: the Matthews Hotel Index for Q1 2026 shows how few hotel trades are observed in any one market in a quarter.[5] In a thin market, one off-market offer is one data point, not a price.",""
"src/lib/data/answers/sell-a-hotel/off-market-vs-marketed.ts","57","OK","","In our playbook, buyers are introduced to employees in weeks 22 to 24, at the end of the closing period.[1] Federal WARN rules cover employers with 100 or more employees and make the seller responsible for any required notice of a plant closing or mass layoff up to the date of sale.[3] An employer below that count is outside the federal rule, but state laws differ, so check with employment counsel.",""
"src/lib/data/answers/sell-a-hotel/off-market-vs-marketed.ts","62","OK","","Our playbook spends weeks 1 to 2 on the package, weeks 3 to 8 on marketing, weeks 8 to 12 on offers and contract, and weeks 12 to 24 on due diligence and closing.[1] An off-market sale can skip most of weeks 3 to 10.",""
"src/lib/data/answers/sell-a-hotel/off-market-vs-marketed.ts","67","OK","","With about 24 weeks from engagement to close in our playbook,[1] an owner who wants to close by year end should engage a broker by early summer.",""
"src/lib/data/answers/sell-a-hotel/off-market-vs-marketed.ts","100","OK","","Weeks 3 to 8 in our playbook[1]",""
"src/lib/data/answers/sell-a-hotel/off-market-vs-marketed.ts","120","OK","","The Matthews Hotel Index for Q1 2026 reports observed transaction counts and cap-rate bands by market, which is the context for judging whether a single off-market offer is a fair price.[5]",""
"src/lib/data/answers/sell-a-hotel/off-market-vs-marketed.ts","124","OK","","The marketed path costs time: about 24 weeks in our playbook instead of roughly 8, so 16 more weeks of ownership.[1] It also costs a fee.",""
"src/lib/data/answers/sell-a-hotel/off-market-vs-marketed.ts","129","OK","","Our playbook markets this way in weeks 3 to 8.[1]",""
"src/lib/data/answers/sell-a-hotel/off-market-vs-marketed.ts","137","OK","","In our playbook buyers meet employees in weeks 22 to 24.[1] Federal WARN notice rules can apply to employers with 100 or more employees, so confirm notice duties with employment counsel.[3]",""
"src/lib/data/answers/sell-a-hotel/off-market-vs-marketed.ts","145","OK","","No public dataset measures it, so we will not print a percentage.",""
"src/lib/data/answers/sell-a-hotel/off-market-vs-marketed.ts","149","OK","","It skips the marketing weeks, 3 through 8 in our playbook.[1] Due diligence, the buyer's loan and franchise approval take the same time either way.",""
"src/lib/data/answers/sell-a-hotel/off-market-vs-marketed.ts","165","OK","","Matthews Hotel Markets (first-party)",""
"src/lib/data/answers/sell-a-hotel/off-market-vs-marketed.ts","191","OK","","Matthews Hotel Index, Q1 2026",""
"src/lib/data/answers/sell-a-hotel/off-market-vs-marketed.ts","219","OK","","Matthews Hotel Markets runs confidential marketed processes on its published 24-week playbook.",""
"src/lib/data/answers/sell-a-hotel/selling-a-distressed-hotel.ts","58","OK","","We do not publish note pricing, because no public source reports it for hotel loans.",""
"src/lib/data/answers/sell-a-hotel/selling-a-distressed-hotel.ts","126","OK","","Matthews Hotel Markets' September 2026 rate sheet shows what a buyer's new loan is priced from: the 10-year Treasury was 4.94% on September 17, 2026 and SOFR was 3.85%.[5] A distressed hotel sells to a buyer who has to finance it at today's index, which is why the price is set by today's debt cost and not by the old loan balance.",""
"src/lib/data/answers/sell-a-hotel/selling-a-distressed-hotel.ts","163","OK","","A full marketed sale runs about 24 weeks in our published playbook.[8] A sale to a known buyer can be shorter, but lender approval of a short payoff and the brand's review of the buyer still take weeks.",""
"src/lib/data/answers/sell-a-hotel/selling-a-distressed-hotel.ts","197","OK","","Matthews Hotel Markets September 2026 rate sheet",""
"src/lib/data/answers/sell-a-hotel/selling-a-distressed-hotel.ts","199","OK","","Matthews Hotel Markets (first-party)",""
"src/lib/data/answers/sell-a-hotel/selling-a-distressed-hotel.ts","246","OK","","Matthews Hotel Markets sells hotels and places hotel debt, so the same desk can price the sale and the refinance side by side.",""
"src/lib/data/answers/sell-a-hotel/selling-a-hotel-on-a-ground-lease.ts","32","OK","","As of September 18, 2026, an SBA 504 loan requires the lease, with tenant-controlled options, to run at least as long as the debenture, 25 years on our rate sheet.[1][2] A leasehold with 30 years or more to run is like-kind to real estate.[3]",""
"src/lib/data/answers/sell-a-hotel/selling-a-hotel-on-a-ground-lease.ts","49","OK","","No public source publishes a leasehold cap rate premium for hotels, so we do not print one.",""
"src/lib/data/answers/sell-a-hotel/selling-a-hotel-on-a-ground-lease.ts","49","OK","","The Matthews Hotel Index for Q1 2026 puts fee simple select-service cap rates at 7.50 to 8.75 percent across 14 markets, and a leasehold prices outside that band by an amount that depends on the term and the rent.[6] How cap rates work is covered at `/hotel-valuation/hotel-cap-rates`.",""
"src/lib/data/answers/sell-a-hotel/selling-a-hotel-on-a-ground-lease.ts","54","OK","","A borrower may use 504 proceeds on land leased from an unrelated lessor if the remaining term of the lease, including options to renew exercisable only by the lessee, equals or exceeds the term of the debenture, the borrower assigns its interest in the lease to the CDC, and the loan is secured by a recorded lien against the leasehold estate.[1] The debenture on the current Matthews Hotel Markets rate sheet is 25 years.[2] SBA 7(a).",""
"src/lib/data/answers/sell-a-hotel/selling-a-hotel-on-a-ground-lease.ts","110","OK","","Matthews Hotel Markets' September 2026 rate sheet lists the SBA 504 debenture at 25 years, priced at 6.54 percent on September 10, 2026.[2] That 25-year term is the number a leasehold's remaining term is measured against for a 504 buyer.",""
"src/lib/data/answers/sell-a-hotel/selling-a-hotel-on-a-ground-lease.ts","160","OK","","Matthews Hotel Markets September 2026 rate sheet",""
"src/lib/data/answers/sell-a-hotel/selling-a-hotel-on-a-ground-lease.ts","162","OK","","Matthews Hotel Markets (first-party)",""
"src/lib/data/answers/sell-a-hotel/selling-a-hotel-on-a-ground-lease.ts","188","OK","","Matthews Hotel Index, Q1 2026",""
"src/lib/data/answers/sell-a-hotel/selling-a-hotel-on-a-ground-lease.ts","219","OK","","Matthews Hotel Markets sells hotels and places hotel debt, so the same desk can tell you how a buyer's lender will read your ground lease before you list.",""
"src/lib/data/answers/sell-a-hotel/taxes-when-selling-a-hotel.ts","122","OK","","The Matthews Hotel Index for Q1 2026 gives the cap-rate band that sets the sale price, and the sale price is the starting number for every tax layer on this page.[8]",""
"src/lib/data/answers/sell-a-hotel/taxes-when-selling-a-hotel.ts","214","OK","","Matthews Hotel Index, Q1 2026",""
"src/lib/data/answers/sell-a-hotel/taxes-when-selling-a-hotel.ts","216","OK","","Matthews Hotel Markets (first-party)",""
"src/lib/data/answers/sell-a-hotel/taxes-when-selling-a-hotel.ts","270","OK","","Matthews Hotel Markets is a brokerage, not a tax advisor: we model the sale price and the purchase price allocation, and your CPA computes the tax.",""
"src/lib/data/answers/sell-a-hotel/what-buyers-look-for.ts","70","OK","","Our published listing process runs about 24 weeks from engagement to closing, and the diligence period is where unprepared sellers lose time and price.[6] For a starting estimate of what the income supports, use `/tools/hotel-value-estimator`.",""
"src/lib/data/answers/sell-a-hotel/what-buyers-look-for.ts","116","OK","","The Matthews Hotel Index for Q1 2026, published by Matthews Hotel Markets, puts select-service cap rates at 7.50 to 8.75 percent across 14 markets.[7] At those rates every $100,000 of NOI a buyer cannot verify takes roughly $1.14 million to $1.33 million off the value.",""
"src/lib/data/answers/sell-a-hotel/what-buyers-look-for.ts","120","OK","","At an assumed 8.25 percent cap rate, inside the Matthews Hotel Index select-service band, $900,000 / 0.0825 = $10,909,091.[7] Step 2, brand and building.",""
"src/lib/data/answers/sell-a-hotel/what-buyers-look-for.ts","153","OK","","It sits inside a sale that runs about 24 weeks from engagement to closing in our published process.[6] Brand approval adds its own clock: Hilton's Hampton agreement calls for 60 days' written notice of a change of ownership.[1]",""
"src/lib/data/answers/sell-a-hotel/what-buyers-look-for.ts","166","OK","","Matthews Hotel Markets September 2026 rate sheet",""
"src/lib/data/answers/sell-a-hotel/what-buyers-look-for.ts","168","OK","","Matthews Hotel Markets (first-party)",""
"src/lib/data/answers/sell-a-hotel/what-buyers-look-for.ts","201","OK","","Matthews Hotel Index, Q1 2026",""
"src/lib/data/answers/sell-a-hotel/what-buyers-look-for.ts","233","OK","","Matthews Hotel Markets sells hotels and places the debt buyers use to purchase them, so the same desk sees both the offer and the loan behind it.",""
"src/lib/data/brands.ts","25","OK","","Matthews Hotel Markets executes Hampton Inn dispositions, capital markets, and acquisition advisory across all Hampton family flags (Hampton Inn, Hampton Inn & Suites, Hampton by Hilton).",""
"src/lib/data/brands.ts","25","OK","","We work with owners selling a single Hampton or a portfolio, and with buyers underwriting Hampton acquisitions.",""
"src/lib/data/brands.ts","35","OK","","Matthews Hotel Markets sells and arranges financing for Hampton hotels.",""
"src/lib/data/brands.ts","49","OK","","Matthews Hotel Markets executes HIE dispositions, capital markets placement, and acquisition advisory across the Holiday Inn Express family.",""
"src/lib/data/brands.ts","49","OK","","The flag's economics, Holiday Inn Club Rewards (now IHG One Rewards) loyalty contribution, and PIP cycle timing are the levers we underwrite for sellers and buyers.",""
"src/lib/data/brands.ts","59","OK","","Matthews Hotel Markets sells and arranges financing for Holiday Inn Express hotels.",""
"src/lib/data/brands.ts","78","OK","","Matthews Hotel Markets executes hotel transactions across the full Marriott International family: Courtyard, Fairfield, Residence Inn, TownePlace Suites, SpringHill Suites, AC Hotels, and full-service Marriott assets.",""
"src/lib/data/brands.ts","81","OK","","We advise both lanes.",""
"src/lib/data/brands.ts","106","OK","","Matthews Hotel Markets executes hotel transactions across Hilton Worldwide's full brand portfolio.",""
"src/lib/data/brands.ts","106","OK","","We advise sellers and buyers across the entire stack.",""
"src/lib/data/brands.ts","136","OK","","Matthews Hotel Markets executes hotel transactions across the IHG portfolio.",""
"src/lib/data/brands.ts","162","OK","","Matthews Hotel Markets transacts across Best Western Hotels & Resorts' multi-tier brand family.",""
"src/lib/data/brands.ts","171","OK","","Matthews Hotel Markets sells and arranges financing for Best Western family hotels nationwide.",""
"src/lib/data/brands.ts","171","OK","","Every transaction the team publishes is listed at /closed.",""
"src/lib/data/brands.ts","191","OK","","Matthews Hotel Markets executes Hyatt transactions across the brand's full stack.",""
"src/lib/data/brands.ts","200","OK","","Matthews Hotel Markets sells and arranges financing for Hyatt family hotels nationwide.",""
"src/lib/data/brands.ts","221","OK","","Matthews Hotel Markets transacts across Choice Hotels' brand portfolio.",""
"src/lib/data/brands.ts","255","OK","","Matthews Hotel Markets transacts across Wyndham's portfolio of franchised hotel brands.",""
"src/lib/data/glossary/debt-yield.ts","14","OK","","We have not found a lender program that publishes its hotel debt yield floor, so ask for the test in writing.",""
"src/lib/data/glossary/debt-yield.ts","27","OK","","We have not found a lender type that publishes one, so ask your lender for its test in writing.",""
"src/lib/data/glossary/defeasance.ts","50","OK","","Matthews Hotel Markets September 2026 rate sheet",""
"src/lib/data/glossary/defeasance.ts","52","OK","","Matthews Hotel Markets (first-party)",""
"src/lib/data/glossary/dscr.ts","14","CHECK","experience claim, no number: confirm the team actually observes this","In our experience, hotel lenders ask for more cushion than apartment or office lenders do.",""
"src/lib/data/glossary/dscr.ts","14","OK","","Matthews Hotel Markets' September 2026 rate sheet marks the DSCR floor as not yet published for all seven lender types it covers, and says so rather than printing a range nobody stands behind.[1] SBA's 7(a) terms page publishes rate caps, maturities and guaranty levels, not a coverage floor,[2] and the FDIC's examination manual covers loans in general without a hotel coverage minimum that we could find.[3] Ask a specific lender for its test in writing.",""
"src/lib/data/glossary/dscr.ts","23","OK","","No hotel lender type publishes a DSCR floor, and our rate sheet at /rates marks it not yet published.[1] Clear your own lender's stated test with room for a soft quarter.",""
"src/lib/data/glossary/dscr.ts","44","OK","","Matthews Hotel Markets September 2026 rate sheet",""
"src/lib/data/glossary/dscr.ts","46","OK","","Matthews Hotel Markets (first-party)",""
"src/lib/data/glossary/franchise-fdd.ts","32","OK","","We link Hilton's 2025 Hampton document in the sources below.[3]",""
"src/lib/data/glossary/gop.ts","36","OK","","We do not publish a benchmark we cannot source.",""
"src/lib/data/glossary/ltv.ts","14","OK","","Matthews Hotel Markets' September 2026 rate sheet marks every lender-set LTV cell as not yet published.[4] SBA 504 is the exception with a published structure: a hotel borrower contributes at least 15 percent of project cost.[3] LTV is one of three sizing tests.",""
"src/lib/data/glossary/ltv.ts","28","OK","","Our rate sheet at /rates marks them not yet published.[4]",""
"src/lib/data/glossary/ltv.ts","60","OK","","Matthews Hotel Markets September 2026 rate sheet",""
"src/lib/data/glossary/ltv.ts","62","OK","","Matthews Hotel Markets (first-party)",""
"src/lib/data/glossary/mezzanine-debt.ts","32","OK","","Our rate sheet at /rates marks them not yet published.[3]",""
"src/lib/data/glossary/mezzanine-debt.ts","55","OK","","Matthews Hotel Markets September 2026 rate sheet",""
"src/lib/data/glossary/mezzanine-debt.ts","57","OK","","Matthews Hotel Markets (first-party)",""
"src/lib/data/glossary/mpi-ari-rgi.ts","40","OK","","We do not republish subscriber data.",""
"src/lib/data/glossary/prime-rate.ts","14","OK","","SBA caps a variable-rate 7(a) loan over $350,000 at the base rate plus 3.0 percent.[5] With prime at 7.00 percent, that ceiling is 10.00 percent, as Matthews Hotel Markets' September 2026 rate sheet shows.[6] The ceiling is not a quote.",""
"src/lib/data/glossary/prime-rate.ts","24","OK","","7.00 percent at major banks, effective September 17, 2026, up from 6.75 percent.[3] Our rate sheet at /rates tracks it.[6]",""
"src/lib/data/glossary/prime-rate.ts","70","OK","","Matthews Hotel Markets September 2026 rate sheet",""
"src/lib/data/glossary/prime-rate.ts","72","OK","","Matthews Hotel Markets (first-party)",""
"src/lib/data/glossary/sba-504.ts","14","OK","","SBA's program page lists a $5.5 million maximum 504 loan, maturities of 10, 20 and 25 years, and rates pegged to an increment above 10-year Treasury issues.[1] Our comparison page works through the $5 million debenture cap that applies to a hotel under SOP 50 10 8.[4] The September 2026 25-year debenture priced at 6.54 percent, fees included, on September 10.[5] The bank's first lien prices separately, and its rate and terms are set by the lender. 504 proceeds cannot fund working capital or inventory.[1] Owner-operators choose 504 for the long fixed rate on the second.",""
"src/lib/data/glossary/sba-504.ts","65","OK","","Matthews Hotel Markets September 2026 rate sheet",""
"src/lib/data/glossary/sba-504.ts","67","OK","","Matthews Hotel Markets (first-party)",""
"src/lib/data/glossary/sba-7a.ts","55","OK","","Matthews Hotel Markets September 2026 rate sheet",""
"src/lib/data/glossary/sba-7a.ts","57","OK","","Matthews Hotel Markets (first-party)",""
"src/lib/data/glossary/sofr.ts","14","OK","","Matthews Hotel Markets' September 2026 rate sheet publishes the index, 3.85 percent on September 17, and marks the spreads as not yet published because no lender publishes them.[2] Floating-rate lenders usually require an interest rate cap, and many set a SOFR floor.",""
"src/lib/data/glossary/sofr.ts","28","OK","","Eastern.[1] Our rate sheet at /rates shows 3.85 percent for September 17, 2026.[2]",""
"src/lib/data/glossary/sofr.ts","50","OK","","Matthews Hotel Markets September 2026 rate sheet",""
"src/lib/data/glossary/sofr.ts","52","OK","","Matthews Hotel Markets (first-party)",""
"src/lib/data/glossary/yield-maintenance.ts","55","OK","","Matthews Hotel Markets September 2026 rate sheet",""
"src/lib/data/glossary/yield-maintenance.ts","57","OK","","Matthews Hotel Markets (first-party)",""
"src/lib/data/insights-articles/brand-flag-cap-rate-guide-2026.ts","18","CHECK","cites a first-party dataset: confirm it exists and supports the figure, else remove","We document those bands below from publicly disclosed franchise economics, recently filed franchise disclosure documents (FDDs), and our own transaction file.",""
"src/lib/data/insights-articles/brand-flag-cap-rate-guide-2026.ts","34","OK","","The transaction-comp file we reference for first-call pricing across all three flag families is updated quarterly; the next refresh ships with the Q3 2026 brand-flag transaction comps update.",""
"src/lib/data/insights-articles/brand-flag-cap-rate-guide-2026.ts","169","CHECK","cites a first-party dataset: confirm it exists and supports the figure, else remove","Matthews Hotel Markets transaction file, 2025–Q1 2026",""
"src/lib/data/insights-articles/hotel-adr-revpar-recovery-2026.ts","18","OK","","What the construction pipeline tells us about 2026 supply.",""
"src/lib/data/insights-articles/hotel-adr-revpar-recovery-2026.ts","21","CHECK","first-party forecast, research or survey claim: confirm","Our base case is RevPAR growth in the +1.0 to +2.5 percent band for full-service downtown and flat to slightly negative for suburban select-service as supply absorbs.",""
"src/lib/data/insights-articles/hotel-adr-revpar-recovery-2026.ts","36","OK","","We do not have a sourced Scottsdale RevPAR print to replace it with, so this section states the demand drivers and the forecast without one.",""
"src/lib/data/insights-articles/hotel-cmbs-distress-trepp-2026.ts","29","CHECK","first-party forecast, research or survey claim: confirm","What we expect through year-end 2026.",""
"src/lib/data/insights-articles/hotel-refinancing-wave-2026.ts","18","OK","","Trepp counts $18.7 billion of hotel CMBS coming due in 2026, nearly 70 percent of it floating rate (via Hotel Dive, August 3, 2026); it publishes no comparable hotel-specific figure for 2027, and we do not estimate one.",""
"src/lib/data/insights-articles/hotel-refinancing-wave-2026.ts","30","OK","","Matthews Hotel Markets sells hotels nationwide, including the [Texas Triangle](/markets/austin-tx), the [Sun Belt secondary basket](/markets/nashville-tn), and the [Mountain West corridor](/markets/denver-co).",""
"src/lib/data/insights-articles/hotel-refinancing-wave-2026.ts","34","OK","","Matthews Hotel Markets prepares free broker opinions of value and arranges hotel refinancing, so an owner facing a 2026 or 2027 maturity can run both in parallel; the cost of running both paths is small and the decision-making clarity is large.",""
"src/lib/data/insights-articles/hotel-refinancing-wave-2026.ts","35","CHECK","first-party forecast, research or survey claim: confirm","## What we are watching through year-end 2026",""
"src/lib/data/insights-articles/hotel-refinancing-wave-2026.ts","81","OK","","Where can I find Matthews's view on a specific asset?",""
"src/lib/data/insights-articles/hotel-refinancing-wave-2026.ts","82","OK","","Matthews Hotel Markets prepares free BOVs (Broker Opinion of Value) and arranges hotel refinancing, so an owner facing a 2026 or 2027 maturity can compare both paths.",""
"src/lib/data/insights-articles/hotel-refinancing-wave-2026.ts","161","CHECK","cites a first-party dataset: confirm it exists and supports the figure, else remove","Matthews analysis of HVS / Trepp public data",""
"src/lib/data/insights-articles/hotel-refinancing-wave-2026.ts","166","CHECK","cites a first-party dataset: confirm it exists and supports the figure, else remove","Matthews capital markets dialogue",""
"src/lib/data/insights-articles/how-to-sell-a-hotel-2026.ts","14","OK","","This is the working playbook our team uses with sellers in 2026.",""
"src/lib/data/insights-articles/how-to-sell-a-hotel-2026.ts","16","CHECK","cites a first-party dataset: confirm it exists and supports the figure, else remove","Selling a U.S. hotel in 2026 takes 22 to 28 weeks from engagement letter signature to closing wire for a typical select-service asset, and broker fee structures slide from approximately 2.0 to 2.5 percent at the lower end of single-asset deal sizes down to 1.0 to 1.5 percent on portfolios above $100 million (industry-typical ranges; AHLA membership broker survey data, 2025; Matthews Hotel Markets transaction file).",""
"src/lib/data/insights-articles/how-to-sell-a-hotel-2026.ts","17","OK","","The 24-week target is the working median we use for a single-asset, fee-simple, debt-free or assumable-debt select-service hotel disposition with a confirmed brand standards letter and a clean title commitment at engagement.",""
"src/lib/data/insights-articles/how-to-sell-a-hotel-2026.ts","19","CHECK","cites a first-party dataset: confirm it exists and supports the figure, else remove","(a) Sell as-is and price the PIP into the cap rate the buyer underwrites at, accepting a 50 to 125 basis point cap rate widening versus PIP-current peers (Matthews transaction file).",""
"src/lib/data/insights-articles/how-to-sell-a-hotel-2026.ts","27","OK","","The seller is expected to keep the data room current through the diligence period and respond to information requests within 48 hours.",""
"src/lib/data/insights-articles/how-to-sell-a-hotel-2026.ts","33","OK","","Matthews Hotel Markets prepares free BOVs and arranges hotel refinancing, so the math on both can be on paper before the call is made.",""
"src/lib/data/insights-articles/how-to-sell-a-hotel-2026.ts","34","CHECK","cites a first-party dataset: confirm it exists and supports the figure, else remove","The institutional bid for stabilized PIP-current select-service in Sun Belt secondary markets has returned with conviction, producing 6 to 14 first-round bids for a typical asset versus 3 to 7 in 2024 (Matthews transaction file).",""
"src/lib/data/insights-articles/how-to-sell-a-hotel-2026.ts","35","CHECK","cites a first-party dataset: confirm it exists and supports the figure, else remove","Timing benchmarks reflect the median observed across our 2024-2025 select-service transaction file plus the published timing data in PwC Hospitality Directions US (December 2025) and the AHLA member broker survey (2025).",""
"src/lib/data/insights-articles/how-to-sell-a-hotel-2026.ts","35","CHECK","cites a first-party dataset: confirm it exists and supports the figure, else remove","Fee-structure ranges are documented across multiple public engagement-letter disclosures, AHLA member surveys, and our internal benchmarking.",""
"src/lib/data/insights-articles/how-to-sell-a-hotel-2026.ts","51","CHECK","cites a first-party dataset: confirm it exists and supports the figure, else remove","Sun Belt secondary stabilized select-service produced 6 to 14 first-round bids in Q1 2026, up from 3 to 7 in 2024 (Matthews transaction file).",""
"src/lib/data/insights-articles/how-to-sell-a-hotel-2026.ts","73","CHECK","cites a first-party dataset: confirm it exists and supports the figure, else remove","A stabilized PIP-current select-service hotel in a Sun Belt secondary market typically produces 6 to 14 first-round bids in Q1 2026, up from 3 to 7 in 2024 (Matthews Hotel Markets transaction file).",""
"src/lib/data/insights-articles/how-to-sell-a-hotel-2026.ts","145","CHECK","cites a first-party dataset: confirm it exists and supports the figure, else remove","Matthews Hotel Markets transaction file, 2025–Q1 2026",""
"src/lib/data/insights-articles/how-to-sell-a-hotel-2026.ts","155","CHECK","cites a first-party dataset: confirm it exists and supports the figure, else remove","Matthews transaction file + HVS US Market Pulse, 2026",""
"src/lib/data/insights-articles/how-to-sell-a-hotel-2026.ts","160","CHECK","cites a first-party dataset: confirm it exists and supports the figure, else remove","Matthews transaction file, 2025–Q1 2026",""
"src/lib/data/insights-articles/select-service-vs-full-service-2026.ts","17","CHECK","cites a first-party dataset: confirm it exists and supports the figure, else remove","Stabilized PIP-current select-service in Sun Belt secondary markets prices in the 7.50 to 8.50 percent range; stabilized full-service in primary metros prices in the 7.00 to 8.00 percent range; stabilized full-service in tertiary CBDs prices 9.00 percent and wider [Source: Matthews Hotel Markets internal transaction database, Q2 2026].",""
"src/lib/data/insights-articles/select-service-vs-full-service-2026.ts","25","CHECK","cites a first-party dataset: confirm it exists and supports the figure, else remove","On a yield-to-cost basis adjusted for operating leverage, however, select-service is tighter by roughly 75 to 100 basis points [Source: Matthews internal transaction database, Q2 2026].",""
"src/lib/data/insights-articles/select-service-vs-full-service-2026.ts","43","CHECK","cites a first-party dataset: confirm it exists and supports the figure, else remove","1. 7.50–8.50 percent: Sun Belt secondary stabilized select-service cap range, Q2 2026 [Source: Matthews internal transaction database].",""
"src/lib/data/insights-articles/select-service-vs-full-service-2026.ts","54","CHECK","attributed quote: confirm the person said or approved it","The full picture is yield to cost, and on yield to cost select-service has been the more efficient hospitality vehicle for institutional capital for two cycles now. 2026 is the year the public REIT and PE bid stopped pretending otherwise."" (Luke Thompson, VP & Director, Capital Markets, Matthews Hotel Markets)",""
"src/lib/data/insights-articles/select-service-vs-full-service-2026.ts","80","CHECK","first-party forecast, research or survey claim: confirm","## What we expect through year-end 2026 and into 2027",""
"src/lib/data/insights-articles/select-service-vs-full-service-2026.ts","86","CHECK","cites a first-party dataset: confirm it exists and supports the figure, else remove","This outlook draws on the Matthews internal transaction file, HVS U.S.",""
"src/lib/data/insights-articles/select-service-vs-full-service-2026.ts","179","CHECK","cites a first-party dataset: confirm it exists and supports the figure, else remove","Matthews internal transaction database, Q2 2026",""
"src/lib/data/insights-articles/select-service-vs-full-service-2026.ts","204","CHECK","cites a first-party dataset: confirm it exists and supports the figure, else remove","Matthews capital markets practice",""
"src/lib/data/insights-articles/sun-belt-hospitality-investment-2026.ts","22","CHECK","first-party forecast, research or survey claim: confirm","Supply discipline is the single most important variable for forward RevPAR, and the Sun Belt secondary basket has the cleanest pipeline we have measured in any region.",""
"src/lib/data/insights-articles/sun-belt-hospitality-investment-2026.ts","24","CHECK","cites a first-party dataset: confirm it exists and supports the figure, else remove","Market Pulse, April 2026; Matthews internal data).",""
"src/lib/data/insights-articles/sun-belt-hospitality-investment-2026.ts","24","CHECK","cites a first-party dataset: confirm it exists and supports the figure, else remove","Texas secondary markets (Tyler, Lubbock, College Station, Waco) are the most actively bid by family-office capital today; trailing-twelve-month ADR in those four markets averaged 6.4 percent year-over-year growth through Q1 2026 per Matthews internal data, with occupancy holding above 70 percent.",""
"src/lib/data/insights-articles/sun-belt-hospitality-investment-2026.ts","32","CHECK","cites a first-party dataset: confirm it exists and supports the figure, else remove","The Research Triangle (Raleigh-Durham-Chapel Hill) is the most under-priced secondary North Carolina market on the Matthews underwriting screen, anchored by RTP corporate and the three-university demand layer.",""
"src/lib/data/insights-articles/sun-belt-hospitality-investment-2026.ts","35","CHECK","first-party forecast, research or survey claim: confirm","## What we expect through year-end 2026",""
"src/lib/data/insights-articles/sun-belt-hospitality-investment-2026.ts","36","OK","","Matthews Hotel Markets sells hotels, represents buyers and arranges hotel financing nationwide, including all six Sun Belt states; the [team contact page](/team) lists the brokers.",""
"src/lib/data/insights-articles/sun-belt-hospitality-investment-2026.ts","72","OK","","The thaw began in mid-2025 for sponsors with track records, but the new-supply gap through 2027 is structural and supports forward RevPAR.",""
"src/lib/data/insights-articles/sun-belt-hospitality-investment-2026.ts","83","OK","","Where can I find Matthews's view on a specific Sun Belt market?",""
"src/lib/data/insights-articles/sun-belt-hospitality-investment-2026.ts","84","OK","","Matthews Hotel Markets works nationwide, including all six Sun Belt states.",""
"src/lib/data/insights-articles/texas-hotel-cap-rates-q2-2026.ts","16","CHECK","cites a first-party dataset: confirm it exists and supports the figure, else remove","Texas hotel cap rates compressed roughly 25 to 50 basis points off the 2024 peak through the first half of 2026 [Source: Matthews Hotel Markets internal transaction database, Q2 2026].",""
"src/lib/data/insights-articles/texas-hotel-cap-rates-q2-2026.ts","22","CHECK","first-party forecast, research or survey claim: confirm","The result is the 25 to 50 basis-point compression we measure across the Texas Triangle today.",""
"src/lib/data/insights-articles/texas-hotel-cap-rates-q2-2026.ts","28","CHECK","cites a first-party dataset: confirm it exists and supports the figure, else remove","Plano, Frisco, and Las Colinas have been the most actively traded sub-markets; the airport hospitality cluster has seen increased private-equity bid in 2026 [Source: Matthews Hotel Markets internal transaction database, Q2 2026].",""
"src/lib/data/insights-articles/texas-hotel-cap-rates-q2-2026.ts","40","OK","","First, the construction-loan freeze that lasted from late 2022 into early 2025 is now thawed for sponsors with track records, but the supply pipeline remains constrained because the freeze interrupted ground-breakings.",""
"src/lib/data/insights-articles/texas-hotel-cap-rates-q2-2026.ts","44","CHECK","cites a first-party dataset: confirm it exists and supports the figure, else remove","1. 25 to 50 basis points: cap rate compression off the 2024 peak across Texas Triangle stabilized select-service through H1 2026 [Source: Matthews internal transaction database, Q2 2026].",""
"src/lib/data/insights-articles/texas-hotel-cap-rates-q2-2026.ts","45","CHECK","cites a first-party dataset: confirm it exists and supports the figure, else remove","2. 7.50 to 8.25 percent: Austin stabilized select-service cap range, Q2 2026 [Source: Matthews internal transaction database].",""
"src/lib/data/insights-articles/texas-hotel-cap-rates-q2-2026.ts","55","CHECK","first-party forecast, research or survey claim: confirm","""The compression we are measuring in Texas this quarter is not a rate-cut trade.",""
"src/lib/data/insights-articles/texas-hotel-cap-rates-q2-2026.ts","55","CHECK","attributed quote: confirm the person said or approved it","That is a more durable signal than waiting on the Fed."" (Luke Thompson, VP & Director, Capital Markets, Matthews Hotel Markets)",""
"src/lib/data/insights-articles/texas-hotel-cap-rates-q2-2026.ts","61","CHECK","first-party forecast, research or survey claim: confirm","## What we expect for the second half of 2026",""
"src/lib/data/insights-articles/texas-hotel-cap-rates-q2-2026.ts","63","CHECK","first-party forecast, research or survey claim: confirm","We expect 25 additional basis points of compression in Texas Triangle stabilized select-service through year-end 2026 if the rate environment holds.",""
"src/lib/data/insights-articles/texas-hotel-cap-rates-q2-2026.ts","71","CHECK","first-party forecast, research or survey claim: confirm","The constrained pipeline supports forward RevPAR underwriting through at least 2027 and is the structural basis for the cap rate compression we are measuring this quarter.",""
"src/lib/data/insights-articles/texas-hotel-cap-rates-q2-2026.ts","79","CHECK","cites a first-party dataset: confirm it exists and supports the figure, else remove","This outlook draws on the Matthews internal transaction file, HVS U.S.",""
"src/lib/data/insights-articles/texas-hotel-cap-rates-q2-2026.ts","89","CHECK","first-party forecast, research or survey claim: confirm","We expect 25 additional basis points of compression in Texas Triangle select-service through year-end 2026 if rates hold.",""
"src/lib/data/insights-articles/texas-hotel-cap-rates-q2-2026.ts","94","CHECK","cites a first-party dataset: confirm it exists and supports the figure, else remove","Hill Country resort assets and Riverwalk full-service trade tighter, in the 6.50 to 7.75 percent band [Source: Matthews internal transaction database, Q2 2026].",""
"src/lib/data/insights-articles/texas-hotel-cap-rates-q2-2026.ts","106","CHECK","first-party forecast, research or survey claim: confirm","We expect roughly 25 additional basis points of compression in Texas Triangle stabilized select-service through year-end 2026.",""
"src/lib/data/insights-articles/texas-hotel-cap-rates-q2-2026.ts","167","CHECK","cites a first-party dataset: confirm it exists and supports the figure, else remove","Matthews internal transaction database, Q2 2026",""
"src/lib/data/insights.ts","51","CHECK","cites a first-party dataset: confirm it exists and supports the figure, else remove","College Station, Lubbock, Tyler, Waco, the markets the institutional bid wrote off in 2023, are producing the strongest ADR recovery curves in our internal database.",""
"src/lib/data/insights.ts","53","CHECK","first-party forecast, research or survey claim: confirm","The transaction volume we are forecasting in this segment for 2026 is materially above 2024 and 2023 combined, driven by destination-resort recapitalizations from sponsors who held through the cycle and now want to crystallize equity into a more flexible structure.",""
"src/lib/data/insights.ts","54","CHECK","first-party forecast, research or survey claim: confirm","Looking forward, our base case for 2026 transaction volume is 1.4 to 1.6 trillion dollars across all hospitality categories, with select-service representing 38 percent of that total, a return to the pre-2022 mix.",""
"src/lib/data/insights.ts","54","OK","","Debt is available again, with hotel CMBS spreads tightening through Q4 2025, and the construction-loan freeze has thawed for sponsors with track records.",""
"src/lib/data/insights.ts","54","CHECK","first-party forecast, research or survey claim: confirm","We expect the second half of 2026 to be the strongest two consecutive quarters for hotel investment sales since 2019.",""
"src/lib/data/insights.ts","64","OK","","What College Station, Lubbock, and Tyler tell us about underwriting risk.",""
"src/lib/data/insights.ts","72","CHECK","cites a first-party dataset: confirm it exists and supports the figure, else remove","We assembled trailing-twelve-month ADR, occupancy, and RevPAR data for every select-service hotel in five Texas secondary markets, College Station, Lubbock, Tyler, Waco, and Amarillo, using STR feeds and our internal transaction database.",""
"src/lib/data/insights.ts","72","CHECK","first-party forecast, research or survey claim: confirm","We then benchmarked those markets against a comparable basket of secondary markets in Tennessee, Oklahoma, and Arkansas to control for regional macro effects.",""
"src/lib/data/insights.ts","74","CHECK","first-party forecast, research or survey claim: confirm","The single most important variable for forward ADR is supply growth, and the Texas secondary basket has the cleanest pipeline we have measured in any region.",""
"src/lib/data/insights.ts","96","CHECK","first-party forecast, research or survey claim: confirm","We expect the institutional bid for this category to mature meaningfully in 2026 and 2027, and the cap rates to compress 100 to 150 basis points before that bid is fully priced.",""
"src/lib/data/insights.ts","123","CHECK","first-party forecast, research or survey claim: confirm","What we expect from here.",""
"src/lib/data/insights.ts","147","OK","","Matthews Hotel Markets prepares free broker opinions of value and arranges hotel refinancing, so an owner facing a 2026 or 2027 maturity can run both paths side by side.",""
"src/lib/data/insights.ts","168","CHECK","first-party forecast, research or survey claim: confirm","We are in market with the inaugural Matthews Hotel Investor Outlook, an annual survey of hotel investors covering 2027 deployment intent, cap rate expectations, and segment / geography preference.",""
"src/lib/data/insights.ts","171","CHECK","first-party forecast, research or survey claim: confirm","The pattern we are hearing.",""
"src/lib/data/insights.ts","176","CHECK","first-party forecast, research or survey claim: confirm","The Q3 2026 Matthews Hotel Investor Outlook will quantify what we are hearing.",""
"src/lib/data/listings.ts","765","OK","","The property is being offered for auction through Matthews Real Estate Investment Services.",""
"src/lib/data/markets.ts","31","OK","","Matthews's headquarters is downtown on Congress Ave., and the Austin team handles dispositions across select-service, full-service, and Hill Country resort assets.",""
"src/lib/data/markets.ts","281","OK","","Denver is the largest Mountain West hotel market and Matthews's secondary office.",""
"src/lib/data/mhi.ts","265","OK","","Construction-loan freeze that lasted from late 2022 to early 2025 is now fully thawed for sponsors with track records, but supply pipeline remains constrained.",""
"src/lib/data/mhi.ts","267","CHECK","cites a first-party dataset: confirm it exists and supports the figure, else remove","Market Pulse Q1 2026 commentary and Matthews internal underwriting on active mandates.",""
"src/lib/data/mhi.ts","267","CHECK","cites a first-party dataset: confirm it exists and supports the figure, else remove","Transaction counts combine Matthews-executed transactions with publicly recorded transactions in each MSA.",""
"src/lib/data/offices.ts","35","OK","","Austin is the densest hospitality investment-sales market in Texas, and Matthews Hotel Markets's headquarters sits two blocks from the Capitol on Congress Ave.",""
"src/lib/data/offices.ts","35","OK","","Our Austin team covers Hill Country resort assets, Austin MSA select-service hotels, and capital markets execution across the Texas triangle (Austin / San Antonio / Houston / Dallas-Fort Worth).",""
"src/lib/data/services.ts","21","OK","","Matthews Hotel Markets executes hotel dispositions across select-service, full-service, resort, lifestyle, boutique, and extended-stay segments.",""
"src/lib/data/services.ts","21","CHECK","buyer-relationship claim: confirm","We run a published 24-week marketing playbook, with broker-led underwriting, a curated buyer pool built asset by asset, and a confidential process that protects asset performance through close.",""
"src/lib/data/services.ts","32","CHECK","buyer-relationship claim: confirm","Direct buyer relationships",""
"src/lib/data/services.ts","34","CHECK","buyer-relationship claim: confirm","Direct relationships across PE, REITs, family offices, developers, owner-operators, and HNW capital.",""
"src/lib/data/services.ts","34","OK","","We build the buyer list per asset, not from one database.",""
"src/lib/data/services.ts","55","OK","","Matthews Capital Markets places hotel debt and equity for acquisitions, refinancings, recapitalizations, construction, and bridge-to-perm executions.",""
"src/lib/data/services.ts","89","OK","","Matthews Hotel Markets advises buy-side capital on hotel acquisitions: deal sourcing, underwriting, market intelligence, and execution.",""
"src/lib/data/services.ts","89","OK","","We work with institutional investors, family offices, developers, and HNW principals deploying into hotels for the first time or scaling an existing portfolio.",""
"src/lib/data/services.ts","97","OK","","Every hospitality transaction we publish is listed at /closed.",""
"src/lib/data/services.ts","112","OK","","We protect buyer identity through LOI when the seller's process requires it.",""
"src/lib/data/team.ts","112","CHECK","personal bio: confirm against the broker's own record","Luke is a real estate professional at Matthews™ specializing in hospitality capital markets nationwide.",""
"src/lib/data/team.ts","112","CHECK","personal bio: confirm against the broker's own record","Before Matthews, Luke worked in private credit, direct lending, preferred equity, and mezzanine debt at Matterhorn Capital Partners.",""
"src/lib/data/team.ts","160","CHECK","personal bio: confirm against the broker's own record","Miles is a seasoned real estate investment banker and investment professional for Matthews™ Capital Markets, with an established track record of leading complex finance transactions across private equity, venture capital, and public markets, principally in the hospitality sector.",""
"src/lib/data/team.ts","160","CHECK","personal bio: confirm against the broker's own record","Prior to Matthews, Miles founded and remains a principal and shareholder at SparkPoint Real Estate Advisors in Denver, Colorado, a real estate–focused merchant bank.",""
"src/lib/data/team.ts","183","CHECK","personal bio: confirm against the broker's own record","Track record",""
"src/lib/data/team.ts","203","CHECK","personal bio: confirm against the broker's own record","Nate is a real estate professional specializing in the acquisition and disposition of hospitality properties at Matthews™.",""
"src/lib/data/team.ts","220","CHECK","personal bio: confirm against the broker's own record","Hospitality investment sales at Matthews.",""
"src/lib/data/tools/cap-rate-calculator.ts","48","OK","","Matthews Hotel Markets' {..} rate sheet shows the 10-year Treasury at {..}.[1][2]",""
"src/lib/data/tools/cap-rate-calculator.ts","65","OK","","How those move the number, and the bands our own index reports, are covered on `/hotel-valuation/hotel-cap-rates`.",""
"src/lib/data/tools/cap-rate-calculator.ts","67","OK","","We do not publish a spread between that index and hotel cap rates, because the spread differs by asset and we will not print a number we cannot source.",""
"src/lib/data/tools/cap-rate-calculator.ts","88","OK","","Matthews Hotel Markets' {..} rate sheet publishes the yield buyers measure a cap rate against first: the 10-year Treasury at {..}.[2] The sheet prints public benchmarks and marks what it cannot source not yet published, and it prints no hotel cap rate.[1]",""
"src/lib/data/tools/cap-rate-calculator.ts","110","OK","","See our hotel cap rates page for the bands our index reports.",""
"src/lib/data/tools/cap-rate-calculator.ts","124","OK","","Matthews Hotel Markets {..} rate sheet",""
"src/lib/data/tools/cap-rate-calculator.ts","126","OK","","Matthews Hotel Markets (first-party)",""
"src/lib/data/tools/cap-rate-calculator.ts","150","OK","","Matthews Hotel Markets sells hotels, and a broker opinion of value from our team ties the cap rate in this calculator to comparable sales.",""
"src/lib/data/tools/debt-yield-calculator.ts","53","OK","","No lender type publishes its floor, so Matthews Hotel Markets' {..} rate sheet prints none.[1] Type the test your lender stated.",""
"src/lib/data/tools/debt-yield-calculator.ts","65","OK","","The result is a percent, and it answers one question for the lender: if we took this hotel back on day one, what would our money earn at today's NOI?",""
"src/lib/data/tools/debt-yield-calculator.ts","70","OK","","We publish a monthly rate sheet and it has no debt yield column, because there is no public source to fill one from.",""
"src/lib/data/tools/debt-yield-calculator.ts","91","OK","","Matthews Hotel Markets' {..} rate sheet carries no debt yield column and marks its DSCR floor and maximum LTV cells not yet published for priced lender types, because lenders do not publish those tests.[1] It does publish the index quotes are struck against: the 10-year Treasury at {..}.[3]",""
"src/lib/data/tools/debt-yield-calculator.ts","105","OK","","No lender type publishes one, so we do not print a number.[1] CMBS sizing shows up deal by deal in offering documents filed with the SEC.[2] Ask your lender for its test in writing and enter it above.",""
"src/lib/data/tools/debt-yield-calculator.ts","131","OK","","Matthews Hotel Markets {..} rate sheet",""
"src/lib/data/tools/debt-yield-calculator.ts","133","OK","","Matthews Hotel Markets (first-party)",""
"src/lib/data/tools/debt-yield-calculator.ts","162","OK","","Have us size your loan properly",""
"src/lib/data/tools/debt-yield-calculator.ts","164","OK","","Matthews Hotel Markets prints only what our rate sheet can source, which is why this calculator asks for your lender's debt yield test instead of asserting one.",""
"src/lib/data/tools/dscr-calculator-page.ts","38","OK","","Matthews Hotel Markets' September 2026 rate sheet marks that cell not yet published for all seven lender types.[1] The 10-year Treasury was 4.94% on September 17, 2026.[2]",""
"src/lib/data/tools/dscr-calculator-page.ts","41","OK","","No lender type publishes a DSCR floor that we could find.[1] Get your lender's exact test in writing before you model anything.",""
"src/lib/data/tools/dscr-calculator-page.ts","55","OK","","We looked for a published DSCR floor for each of the seven lender types on our own rate sheet: bank and credit union, life insurance company, CMBS conduit, debt fund and bridge, mezzanine and preferred, SBA 7(a) and SBA 504.",""
"src/lib/data/tools/dscr-calculator-page.ts","55","OK","","We found no public source for any of them.[1] SBA publishes its maximum allowable interest rate, its maximum maturity and its guaranty percentages,[3] and 13 CFR 120.910 sets the minimum borrower contribution on a 504 project, at least 15% for a limited or single-purpose building.[4] None of those is a coverage test.",""
"src/lib/data/tools/dscr-calculator-page.ts","55","OK","","The FDIC's examination manual covers loans in general, and we found no hotel coverage minimum in it.[5] Conduit lenders disclose sizing in a deal's offering documents filed with the SEC, one deal at a time, after the loan is written.[6] So the honest instruction is the practical one: ask the lender what test it is applying and to what NOI, get the answer in writing, and put that number in the field below.",""
"src/lib/data/tools/dscr-calculator-page.ts","65","OK","","On the Matthews rate sheet",""
"src/lib/data/tools/dscr-calculator-page.ts","110","OK","","Matthews Hotel Markets' September 2026 rate sheet marks the DSCR floor as not yet published for all seven lender types it covers, because no lender type publishes one.[1] The sheet does publish the index every quote is struck against: the 10-year Treasury at 4.94% on September 17, 2026[2] and SOFR at 3.85% for September 17, 2026.[7]",""
"src/lib/data/tools/dscr-calculator-page.ts","128","OK","","We checked all seven lender types on our own September 2026 rate sheet and every coverage cell is marked not yet published.[1] Ask your lender for its test in writing, then enter that number above.",""
"src/lib/data/tools/dscr-calculator-page.ts","136","CHECK","experience claim, no number: confirm the team actually observes this","In our experience, permanent lenders generally use trailing twelve-month NOI, while bridge and debt fund lenders will sometimes use a stabilized, forward-looking NOI, which can support more proceeds on a transitional asset.",""
"src/lib/data/tools/dscr-calculator-page.ts","150","OK","","Matthews Hotel Markets September 2026 rate sheet",""
"src/lib/data/tools/dscr-calculator-page.ts","152","OK","","Matthews Hotel Markets (first-party)",""
"src/lib/data/tools/dscr-calculator-page.ts","209","OK","","Have us size your loan properly",""
"src/lib/data/tools/dscr-calculator-page.ts","211","OK","","Matthews Hotel Markets publishes what our September 2026 rate sheet can source and marks the rest not yet published, which is why this calculator asks you for your lender's DSCR test instead of asserting one.",""
"src/lib/data/tools/hotel-loan-sizing-calculator.ts","108","OK","","Lenders do not publish those tests, so enter yours.[1] Matthews Hotel Markets' {..} rate sheet has the 10-year Treasury at {..}.[2]",""
"src/lib/data/tools/hotel-loan-sizing-calculator.ts","124","OK","","The rate field is an index plus a spread: the index starts at the 10-year Treasury from our {..} rate sheet, and the spread is yours to type.",""
"src/lib/data/tools/hotel-loan-sizing-calculator.ts","125","OK","","No bank, CMBS lender, life company or debt fund publishes its hotel spread, and our rate sheet marks those cells not yet published instead of guessing.[1] So the spread field starts at zero and this page does not suggest one.",""
"src/lib/data/tools/hotel-loan-sizing-calculator.ts","135","OK","","A bank can require more equity than the minimum, and the bank still sizes its first lien with its own DSCR and LTV tests, which it does not publish.[1] The debenture itself is fixed rate: the 25-year 504 debenture was {..} on our rate sheet.[1] The two SBA programs are compared on `/hotel-financing/sba-7a-vs-504`, and the program is defined on `/glossary/sba-504`.",""
"src/lib/data/tools/hotel-loan-sizing-calculator.ts","158","OK","","Matthews Hotel Markets' {..} rate sheet publishes the index a fixed-rate hotel quote is struck against, the 10-year Treasury at {..},[2] and marks the spread, the DSCR floor and the maximum LTV not yet published for banks, CMBS lenders, life companies and debt funds, because none of them publishes those terms.[1] That is why the calculator pre-fills the index and leaves the spread and the tests to you.",""
"src/lib/data/tools/hotel-loan-sizing-calculator.ts","171","OK","","No lender type publishes a DSCR floor, a debt yield floor or an LTV ceiling, and our rate sheet marks those cells not yet published.[1] The defaults are hypothetical placeholders.",""
"src/lib/data/tools/hotel-loan-sizing-calculator.ts","175","OK","","Because lenders do not publish hotel spreads, and we will not print one we cannot source.[1] The index is public: the 10-year Treasury was {..}.[2] Type the spread from your own quote.",""
"src/lib/data/tools/hotel-loan-sizing-calculator.ts","201","OK","","Matthews Hotel Markets {..} rate sheet",""
"src/lib/data/tools/hotel-loan-sizing-calculator.ts","203","OK","","Matthews Hotel Markets (first-party)",""
"src/lib/data/tools/hotel-loan-sizing-calculator.ts","254","OK","","Have us size the loan on your hotel",""
"src/lib/data/tools/hotel-loan-sizing-calculator.ts","256","OK","","Matthews Hotel Markets prints only what our rate sheet can source, which is why this calculator asks for your lender's three tests and your quoted spread instead of asserting them.",""
"src/lib/data/tools/hotel-loan-sizing-calculator.ts","283","OK","","Pre-filled with the 10-year Treasury, {..}, from our {..} rate sheet.",""
"src/lib/data/tools/hotel-loan-sizing-calculator.ts","293","OK","","Lenders do not publish spreads, so we do not suggest one.",""
"src/lib/data/tools/hotel-value-estimator.ts","110","OK","","Get a value range and per-key range from the Matthews Hotel Index cap rate bands.",""
"src/lib/data/tools/hotel-value-estimator.ts","122","OK","","The Matthews Hotel Index for {..}, published {..}, puts {..} hotels at {..} across its {..} markets.[1] On $1,050,000 of NOI with a $1,100,000 PIP, that is {..} to {..}.",""
"src/lib/data/tools/hotel-value-estimator.ts","122","OK","","Matthews Hotel Markets calls that a screening range, not a valuation.",""
"src/lib/data/tools/hotel-value-estimator.ts","126","OK","","The bands are the {..} Matthews Hotel Index, first-party data reconciled from public research and our own underwriting.",""
"src/lib/data/tools/hotel-value-estimator.ts","134","OK","","The tool then looks up the cap rate band (`/glossary/cap-rate`) for your segment and market in the Matthews Hotel Index for {..}.[1] NOI divided by the high end of the band is the low value.",""
"src/lib/data/tools/hotel-value-estimator.ts","143","OK","","The cap rate bands are the Matthews Hotel Index for {..}, a first-party dataset covering {..} markets, published {..}.[1]",""
"src/lib/data/tools/hotel-value-estimator.ts","144","CHECK","cites a first-party dataset: confirm it exists and supports the figure, else remove","Market Pulse commentary and Matthews' internal underwriting on active mandates, and they reflect stabilized, PIP-current product.[1] That makes each band a reconciled range, not a record of closed-sale cap rates and not a forecast.",""
"src/lib/data/tools/hotel-value-estimator.ts","153","OK","","Cap rate bands the estimator uses, by market and segment: Matthews Hotel Index, {..}",""
"src/lib/data/tools/hotel-value-estimator.ts","160","OK","","The Matthews Hotel Index for {..}, published {..}, puts cap rates across its {..} markets at {..} for select-service, {..} for full-service and {..} for resort and lifestyle hotels.[1] Those bands, and each market's own, are the only cap rates this estimator uses.",""
"src/lib/data/tools/hotel-value-estimator.ts","165","OK","","The cap rate band is not: it is the {..} Matthews Hotel Index.[1] Inputs: 78 keys.",""
"src/lib/data/tools/hotel-value-estimator.ts","174","OK","","Because the Matthews Hotel Index publishes cap rate bands, not single rates, and {..} select-service spans {..} across its markets.[1] One number would claim precision the data does not have.",""
"src/lib/data/tools/hotel-value-estimator.ts","178","OK","","The {..} Matthews Hotel Index band for your segment and market.[1] If that market publishes no band for your segment, it falls back to the band across all {..} markets and tells you.",""
"src/lib/data/tools/hotel-value-estimator.ts","204","OK","","Matthews Hotel Index, {..}: cap rate bands by market and segment, and methodology (published {..})",""
"src/lib/data/tools/hotel-value-estimator.ts","206","OK","","Matthews Hotel Markets (first-party)",""
"src/lib/data/tools/hotel-value-estimator.ts","230","OK","","Matthews Hotel Markets produces broker opinions of value at no cost, built from the Matthews Hotel Index and named comparable sales.",""
"src/lib/data/tools/hotel-value-estimator.ts","282","OK","","noiUsed = noi, or revenue x noiMargin / 100 when noi is 0 band = Matthews Hotel Index band for your segment and market (all-markets band when the market has none for the segment) valueLow = noiUsed / (bandHigh / 100) - pip valueHigh = noiUsed / (bandLow / 100) - pip perKeyLow = valueLow / keys perKeyHigh = valueHigh / keys",""
"src/lib/data/tools/hotel-value-estimator.ts","283","OK","","Cap rate bands are the Matthews Hotel Index, {..}.",""
"src/lib/data/tools/index.ts","49","OK","","Matthews Hotel Markets publishes {..} hotel calculators.",""
"src/lib/data/tools/index.ts","49","OK","","Two benchmarks appear: the 10-year Treasury at {..}, from our {..} rate sheet, and the cap rate bands of the {..} Matthews Hotel Index, which only the value estimator uses.",""
"src/lib/data/tools/refinance-vs-sell.ts","64","OK","","Matthews Hotel Markets' {..} rate sheet shows the 10-year Treasury at {..}.[1][2]",""
"src/lib/data/tools/refinance-vs-sell.ts","86","OK","","No lender type publishes its DSCR floor, and our rate sheet marks those cells not yet published rather than guessing.[1]",""
"src/lib/data/tools/refinance-vs-sell.ts","104","OK","","Matthews Hotel Markets' {..} rate sheet publishes the index a fixed-rate quote is struck against, the 10-year Treasury at {..},[2] and marks the DSCR floor not yet published for every lender type, because no lender type publishes one.[1] That is why the DSCR test and the rate below are fields you fill in.",""
"src/lib/data/tools/refinance-vs-sell.ts","122","OK","","No lender type publishes a DSCR floor, and our rate sheet marks that cell not yet published for every lender type.[1] The 1.35x default is a hypothetical placeholder.",""
"src/lib/data/tools/refinance-vs-sell.ts","138","OK","","Fixed-rate quotes are struck over the Treasury curve, and the 10-year Treasury was {..}.[2] Lenders do not publish their hotel spreads, so we do not print one.[1]",""
"src/lib/data/tools/refinance-vs-sell.ts","144","OK","","Matthews Hotel Markets {..} rate sheet",""
"src/lib/data/tools/refinance-vs-sell.ts","146","OK","","Matthews Hotel Markets (first-party)",""
"src/lib/data/tools/refinance-vs-sell.ts","180","OK","","Have us run both numbers on your hotel",""
"src/lib/data/tools/refinance-vs-sell.ts","182","OK","","Matthews Hotel Markets places hotel debt and sells hotels, so an owner can get both columns of this comparison from one team.",""
"src/lib/agent/catalog.ts","44","OK","","a an and are as at be but by can do does for from how i if in into is it my of on or our so that the their them then there this to was we what when where which who why will with you your me have has had get need",""
"src/lib/agent/markdown.ts","82","OK","","## From our rate sheet",""
"src/lib/agent/markdown.ts","82","OK","","## From the Matthews Hotel Index",""
"src/lib/agent/markdown.ts","150","OK","","### Our own data",""
"src/lib/agent/markdown.ts","214","OK","","[Talk to us]({..}/contact)",""
"src/lib/agent/openapi.ts","159","OK","","The Matthews Hotel Debt Index reading. percent is null until published.",""
"src/lib/agent/static-pages.ts","77","OK","","What the public benchmarks say, and what we have not published yet.",""
"src/lib/agent/static-pages.ts","114","OK","","Nobody publishes those, and we have not yet released our own figure for them.",""
"src/lib/agent/static-pages.ts","114","OK","","We would rather show you the gap than fill it with a number we made up.",""
"src/lib/agent/static-pages.ts","120","OK","","The as-of date is the date of the observation, not the date we fetched it.",""
"src/lib/agent/static-pages.ts","187","OK","","The MHDI is the debt-side companion to the [Matthews Hotel Index]({..}/research/mhi), which publishes quarterly cap rates, ADR and RevPAR across 14 markets from public sources.",""
"src/lib/agent/static-pages.ts","244","OK","","Sources, definitions, and what we refuse to publish.",""
"src/lib/agent/static-pages.ts","255","OK","","We show that cell as empty rather than fill it with a guess.",""
"src/lib/agent/static-pages.ts","271","OK","","The Matthews Hotel Debt Index starts with its first published reading.",""
"src/lib/agent/static-pages.ts","275","OK","","Yes, under CC BY 4.0, with attribution to Matthews Hotel Markets and a link.",""
"src/lib/agent/static-pages.ts","306","OK","","We do not have it, or we have not released it.",""
"src/lib/agent/static-pages.ts","317","OK","","These are the exact publishers we read, in the order the sheet lists them.",""
"src/lib/agent/static-pages.ts","317","OK","","The as-of date on the sheet is the date of the observation, not the date we ran the script.",""
"src/lib/agent/static-pages.ts","333","OK","","The structure is fixed, so we cannot quietly swap in a lower-rate loan type on a month we want the number to fall.",""
"src/lib/agent/static-pages.ts","337","OK","","How it relates to the Matthews Hotel Index",""
"src/lib/agent/static-pages.ts","339","OK","","The [Matthews Hotel Index]({..}/research/mhi) is quarterly, covers 14 markets, and measures cap rates, ADR, RevPAR and occupancy from public research.",""
"src/lib/agent/static-pages.ts","381","OK","","Every number with a source, a source date, and the date we last checked it.",""
"src/lib/agent/static-pages.ts","407","OK","","**How to read the sourcing.** Where we read a number straight from the institution that publishes it, the publisher line names that institution.",""
"src/lib/agent/static-pages.ts","407","OK","","Where we read it from a trade publication quoting a research house, the publisher line says so, in the form “Hotel Dive, citing Trepp”.",""
"src/lib/agent/static-pages.ts","423","OK","","## Numbers we removed, and why",""
"src/lib/agent/static-pages.ts","425","OK","","We could not source them, so they are not on the page.",""
"src/lib/agent/static-pages.ts","430","OK","","What we publish instead",""
"src/lib/agent/static-pages.ts","452","OK","","[Talk to the team]({..}/contact)",""
"src/lib/agent/static-pages.ts","476","OK","","Who Matthews Hotel Markets is.",""
"src/lib/agent/static-pages.ts","476","OK","","What we do, where, and who to call.",""
"src/lib/agent/static-pages.ts","486","OK","","## What the team does",""
"src/lib/agent/static-pages.ts","499","OK","","## Where we work from",""
"src/lib/agent/static-pages.ts","501","OK","","Miles Cortez III works out of Denver and covers the Mountain West; we do not publish a Denver street address, because there is not a confirmed one to publish.",""
"src/lib/agent/static-pages.ts","501","OK","","The wider Matthews hospitality bench sits in Phoenix, Orange County, Fort Lauderdale, Nashville, Dallas, Tampa, Cleveland, Kansas City, and Encino.",""
"src/lib/agent/static-pages.ts","514","OK","","We do not publish a founding year for the hospitality team, because we have not been able to source one we can stand behind.",""
"src/lib/agent/static-pages.ts","514","CHECK","cites a first-party dataset: confirm it exists and supports the figure, else remove","What is verifiable is on this site: the active mandates on [listings]({..}/listings), the transaction record on [closed]({..}/closed), and the individual track records on each [broker profile]({..}/team).",""
"src/lib/agent/static-pages.ts","520","CHECK","buyer-relationship claim: confirm","The hospitality mandates, the underwriting, and the client relationships are ours.",""
"src/lib/agent/static-pages.ts","526","OK","","{..} people cover hospitality across the Matthews platform. {..} of them publish a full profile on this site and carry the mandates behind the listings and closings here.",""
"src/lib/agent/static-pages.ts","534","OK","","## Reach the team",""
"src/lib/seo/faq.ts","21","OK","","{..} at Matthews Hotel Markets.",""
"src/lib/seo/faq.ts","21","CHECK","buyer-relationship claim: confirm","The team has direct relationships with the institutional, family-office, PE, and HNW buyer pools that bid this asset class.",""
"src/lib/seo/faq.ts","21","OK","","Matthews Hotel Markets investment sales team",""
"src/lib/seo/faq.ts","24","OK","","What does Matthews's disposition process look like?",""
"src/lib/seo/faq.ts","41","OK","","Who at Matthews Hotel Markets executed this transaction?",""
"src/lib/seo/faq.ts","46","OK","","Matthews's full closed-transaction list is at /closed.",""
"src/lib/seo/faq.ts","46","OK","","We publish public-data fields on every closed deal where seller permission allows; some confidentiality applies to ownership and pricing where the engagement was off-market.",""
"src/lib/seo/faq.ts","53","OK","","Is Matthews currently advising on similar {..} mandates?",""
"src/lib/seo/faq.ts","54","OK","","Yes, Matthews actively executes {..} dispositions and acquisitions across the United States.",""
"src/lib/seo/faq.ts","54","OK","","For a confidential conversation on a similar disposition or acquisition, reach the team at /contact.",""
"src/lib/seo/faq.ts","64","CHECK","cites a first-party dataset: confirm it exists and supports the figure, else remove","Market Pulse, Matthews Hotel Markets internal underwriting.",""
"src/lib/seo/faq.ts","68","OK","","{..} STR press releases (str.com) and the AHLA State of the Industry are the public benchmarks we cite for ADR/occ/RevPAR.",""
"src/lib/seo/faq.ts","68","CHECK","cites a first-party dataset: confirm it exists and supports the figure, else remove","We supplement with internal underwriting on every active mandate.",""
"src/lib/seo/faq.ts","75","OK","","Who at Matthews Hotel Markets covers {..}?",""
"src/lib/seo/faq.ts","76","OK","","Our {..} mandates are led by {..}. {..}For confidential disposition or acquisition conversations, reach the team at /contact.",""
"src/lib/seo/faq.ts","76","OK","","the Matthews Hotel Markets investment sales team",""
"src/lib/seo/faq.ts","80","OK","","Matthews's published 24-week playbook applies in {..}: engagement letter and BOV in weeks 1–4, OM and marketing launch in weeks 5–8, call-for-offers and finalist round in weeks 9–14, definitive agreement and closing in weeks 15–24.",""
"src/lib/seo/faq.ts","89","CHECK","cites a first-party dataset: confirm it exists and supports the figure, else remove","Market Pulse, Matthews internal underwriting.",""
"src/lib/seo/faq.ts","100","OK","","Does Matthews execute {..} dispositions and acquisitions?",""
"src/lib/seo/faq.ts","104","OK","","How does Matthews's {..} disposition process work?",""
"src/lib/seo/faq.ts","105","CHECK","buyer-relationship claim: confirm","Matthews runs a 24-week playbook on {..} dispositions: broker-built BOV, curated buyer pool drawn from select-service-focused REITs, family offices, PE roll-ups, and HNW capital, confidential by default.",""
"src/lib/sba/index.ts","202","OK","","What we do to it.",""
"src/lib/sba/index.ts","203","OK","","We publish totals only.",""
"src/lib/sba/index.ts","276","OK","","Matthews Hotel Markets rate sheet",""
"src/lib/sba/states.ts","331","OK","","These figures are the {..} slice of our national compilation of SBA's ""7(a) & 504 FOIA"" loan-level files, as of {..}.",""
"src/lib/rates/export.ts","76","OK","","Matthews Hotel Markets",""
"src/lib/rates/export.ts","133","OK","","Matthews Hotel Markets Hotel Loan Rate Sheet",""
"src/lib/rates/export.ts","219","OK","","# basis=observed: figure observed by Matthews Hotel Markets in live quotes that month",""
"src/lib/rates/jsonld.ts","36","OK","","Matthews Hotel Markets Hotel Loan Rate Sheet, {..}",""
"src/lib/rates/sheet.ts","62","OK","","Matthews Hotel Debt Index",""
"src/lib/rates/sheet.ts","71","OK","","The indicative all-in fixed coupon, in percent, on a 10-year permanent first mortgage for a stabilized, branded select-service hotel in a top-50 U.S. market, at 65% loan to value, 1.35x debt service coverage, 25-year amortization, non-recourse, from a conventional bank or credit union lender, as quoted to Matthews Hotel Markets during the calendar month.",""
"src/lib/rates/sheet.ts","148","OK","","We link the governing document rather than paraphrase the clause, because the SOP is on its 8.1 edition effective October 1, 2026 and the threshold is the kind of detail that moves between editions.",""
"src/lib/rates/sheet.ts","205","OK","","The most common source of hotel debt under $15 million and the structure the Matthews Hotel Debt Index measures.",""
"src/lib/rates/sheet.ts","235","OK","","The cap strike and its cost are part of the real cost of the loan and belong in any honest comparison, so this row will carry them once the team publishes.",""
"src/lib/rates/sheet.ts","256","OK","","We do not have a quote log going back before this page existed, and we are not going to reconstruct one from memory, so there is no history to show yet.",""
"src/lib/rates/sheet.ts","372","OK","","Matthews Hotel Markets.",""
"src/lib/rates/statistics.ts","401","OK","","A larger 2026-plus-2027 figure circulates widely; we could not source it and do not publish it.",""
"src/lib/rates/statistics.ts","445","OK","","The August lodging rate itself was not stated in any public release we could open on 2026-09-17, only the direction.",""
"src/lib/rates/statistics.ts","445","OK","","We publish July's number and the direction rather than an August number we cannot source.",""
"src/lib/rates/statistics.ts","522","OK","","The Matthews Hotel Index puts stabilized, PIP-current select-service cap rates at 7.5% to 8.25% in Austin and 7.75% to 8.5% in Dallas for the first quarter of 2026.",""
"src/lib/rates/statistics.ts","523","OK","","Matthews Hotel Index, Q1 2026",""
"src/lib/rates/statistics.ts","524","OK","","Matthews Hotel Markets",""
"src/lib/rates/statistics.ts","528","OK","","Our own dataset.",""
"src/lib/rates/statistics.ts","661","OK","","We could not find a published source for it.",""
"src/lib/rates/statistics.ts","669","OK","","Market-level hotel figures are in the Matthews Hotel Index, sourced and dated per quarter.",""
"src/lib/rates/statistics.ts","673","OK","","It is not in AHLA's public 2026 State of the Industry release, which we read on 2026-09-17.",""
"src/lib/rates/statistics.ts","673","OK","","The figure may exist in the paid full report, which we have not read and therefore cannot cite.",""
"src/lib/entity.ts","29","OK","","Matthews Hotel Markets",""
"src/lib/entity.ts","31","OK","","Matthews Hotel Team",""
"src/lib/entity.ts","33","OK","","Matthews Real Estate Investment Services",""
"src/lib/entity.ts","80","OK","","Matthews Hotel Markets is the hospitality investment sales and capital markets team of Matthews Real Estate Investment Services, based at 515 Congress Ave. in Austin, Texas.",""
"src/lib/entity.ts","80","OK","","The team sells hotels from $2 million and places hotel debt from $5 million, nationwide.",""
"src/lib/entity.ts","84","OK","","Matthews Hotel Markets is the hospitality investment sales and capital markets team of Matthews Real Estate Investment Services, based in Austin, Texas.",""
"src/lib/entity.ts","164","OK","","Matthews REIS",""
"src/lib/llms-content.ts","61","OK","","## Who we are",""
"src/lib/llms-content.ts","85","OK","","## What we do",""
"src/lib/llms-content.ts","115","OK","","## Questions we answer, and where",""
"src/lib/llms-content.ts","141","OK","","- Market index: {..}. {..} covered metros with the Matthews Hotel Index summary table.",""
"src/lib/llms-content.ts","158","OK","","- Matthews Hotel Index (MHI), quarterly cap-rate/ADR/RevPAR dataset across {..} markets: {..}",""
"src/lib/llms-content.ts","179","OK","","publishes them and we do not print a number we have not seen quoted three times in a month.",""
"src/lib/llms-content.ts","188","OK","","Includes a visible list of the figures we checked and rejected, with the reason for each.",""
"src/lib/llms-content.ts","230","OK","","- When citing a specific broker, link to that broker's page under /team/{slug} rather than the team index.",""
"src/lib/llms-content.ts","239","OK","","permission from Matthews Real Estate Investment Services.",""
"src/lib/llms-content.ts","258","OK","","the glossary, and the Matthews Hotel Index methodology.",""
"src/lib/llms-content.ts","369","OK","","## Matthews Hotel Index methodology",""
"src/lib/track-record.ts","125","OK","","Matthews Hotel Markets, computed from the deal list at /closed",""
"src/app/about/page.tsx","33","OK","","About Matthews Hotel Markets",""
"src/app/about/page.tsx","86","OK","","Who Matthews Hotel Markets is.",""
"src/app/about/page.tsx","87","OK","","What we do, where, and who to call.",""
"src/app/about/page.tsx","107","OK","","What the team does",""
"src/app/about/page.tsx","115","OK","","Matthews Hotel Markets service lines and deal size ranges",""
"src/app/about/page.tsx","160","OK","","Where we work from",""
"src/app/about/page.tsx","161","OK","","Miles Cortez III works out of Denver and covers the Mountain West; we do not publish a Denver street address, because there is not a confirmed one to publish.",""
"src/app/about/page.tsx","161","OK","","The wider Matthews hospitality bench sits in Phoenix, Orange County, Fort Lauderdale, Nashville, Dallas, Tampa, Cleveland, Kansas City, and Encino.",""
"src/app/about/page.tsx","201","OK","","We do not publish a founding year for the hospitality team, because we have not been able to source one we can stand behind.",""
"src/app/about/page.tsx","201","CHECK","cites a first-party dataset: confirm it exists and supports the figure, else remove","What is verifiable is on this site: the active mandates on listings , the transaction record on closed , and the individual track records on each broker profile .",""
"src/app/about/page.tsx","234","CHECK","buyer-relationship claim: confirm","The hospitality mandates, the underwriting, and the client relationships are ours.",""
"src/app/about/page.tsx","254","OK","","{..} people cover hospitality across the Matthews platform. {..} of them publish a full profile on this site and carry the mandates behind the listings and closings here.",""
"src/app/about/page.tsx","254","OK","","The rest of the hospitality bench is listed on the team page with office, email, and direct line.",""
"src/app/about/page.tsx","308","OK","","Reach the team",""
"src/app/about/page.tsx","330","OK","","Talk to the team",""
"src/app/api/contact/route.ts","40","OK","","Matthews Hotel Team Website",""
"src/app/closed/[slug]/opengraph-image.tsx","5","OK","","Closed hotel transaction | Matthews Hotel Markets",""
"src/app/closed/[slug]/opengraph-image.tsx","20","OK","","Matthews Hotel Markets",""
"src/app/closed/[slug]/page.tsx","32","OK","","Matthews Hotel Markets closed the {..} {..} in {..}, {..} ({..}). {..} keys. {..}.",""
"src/app/closed/[slug]/page.tsx","76","OK","","{..}, closed by Matthews Hotel Markets",""
"src/app/closed/[slug]/page.tsx","168","OK","","Matthews Hotel Markets advised on the {..} of the {..} , a {..} -key {..} hotel {..} in {..} , {..} .",""
"src/app/closed/page.tsx","12","CHECK","process or track-record phrasing: confirm","Closed Hotel Transactions | Track Record",""
"src/app/closed/page.tsx","14","OK","","Recent hotel closings by Matthews Hotel Markets.",""
"src/app/closed/page.tsx","17","OK","","Closed Hotel Transactions | Matthews Hotel Markets",""
"src/app/contact/page.tsx","11","OK","","Contact a Hotel Broker | Talk to Matthews Hotel Markets",""
"src/app/contact/page.tsx","13","OK","","Talk to a hotel broker at Matthews Hotel Markets.",""
"src/app/contact/page.tsx","13","CHECK","response-time promise: confirm (site shows both 24 hours and one business day)","We respond within one business day.",""
"src/app/contact/page.tsx","17","OK","","Contact a Hotel Broker | Matthews Hotel Markets",""
"src/app/data/hotel-financing-statistics/page.tsx","27","OK","","Hotel Financing Statistics, 2026 | Matthews Hotel",""
"src/app/data/hotel-financing-statistics/page.tsx","29","OK","","{..} hotel financing statistics, each with a source link, the date the source carries, and the date we last checked it.",""
"src/app/data/hotel-financing-statistics/page.tsx","72","OK","","Each entry carries a one-sentence statement, a link to the publisher, the date the source carries, and the date it was last verified by a person on the team.",""
"src/app/data/hotel-financing-statistics/page.tsx","136","OK","","Every number with a source, a source date, and the date we last checked it.",""
"src/app/data/hotel-financing-statistics/page.tsx","175","OK","","Where we read a number straight from the institution that publishes it, the publisher line names that institution.",""
"src/app/data/hotel-financing-statistics/page.tsx","175","OK","","Where we read it from a trade publication quoting a research house, the publisher line says so, in the form &ldquo;Hotel Dive, citing Trepp&rdquo;.",""
"src/app/data/hotel-financing-statistics/page.tsx","207","OK","","Numbers we removed ( {..} )",""
"src/app/data/hotel-financing-statistics/page.tsx","274","OK","","Numbers we removed, and why",""
"src/app/data/hotel-financing-statistics/page.tsx","277","OK","","We could not source them, so they are not on the page.",""
"src/app/data/hotel-financing-statistics/page.tsx","294","OK","","What we publish instead",""
"src/app/data/hotel-financing-statistics/page.tsx","405","OK","","Talk to the team",""
"src/app/data/hotel-financing-statistics/page.tsx","407","OK","","Matthews Hotel Index",""
"src/app/data/sba-hotel-lending/[state]/page.tsx","56","OK","","{..} | Matthews Hotel",""
"src/app/data/sba-hotel-lending/[state]/page.tsx","281","OK","","Talk to the team",""
"src/app/data/sba-hotel-lending/page.tsx","64","OK","","{..} | Matthews Hotel",""
"src/app/data/sba-hotel-lending/page.tsx","345","OK","","Talk to the team",""
"src/app/developers/page.tsx","19","OK","","For Developers and AI Agents | Matthews Hotel Markets",""
"src/app/developers/page.tsx","21","OK","","Read Matthews Hotel Markets hotel finance data by machine: Markdown copies of pages, the rate sheet as JSON and CSV, an OpenAPI file, and a read-only MCP server.",""
"src/app/developers/page.tsx","70","OK","","How to read Matthews Hotel Markets content by machine: Markdown copies, JSON, CSV, OpenAPI, MCP and the citation format.",""
"src/app/feed.xml/route.ts","28","OK","","Matthews Hotel Markets",""
"src/app/feed.xml/route.ts","30","OK","","Hotel investment sales, capital markets and valuation from Matthews Hotel Markets: dated commentary, evergreen answer pages, calculators and the monthly rate sheet.",""
"src/app/feed.xml/route.ts","95","OK","","Matthews Hotel Markets rate sheet, {..}",""
"src/app/feed.xml/route.ts","99","OK","","The monthly hotel rate sheet: dated public benchmarks and published SBA program rules, with every cell we cannot source marked not yet published.",""
"src/app/feed.xml/route.ts","133","OK","","<?xml version=""1.0"" encoding=""UTF-8""?> <rss version=""2.0"" xmlns:content=""http://purl.org/rss/1.0/modules/content/"" xmlns:atom=""http://www.w3.org/2005/Atom""> <channel> <title>{..}</title> <link>{..}/insights</link> <atom:link href=""{..}/feed.xml"" rel=""self"" type=""application/rss+xml"" /> <description>{..}</description> <language>en-us</language>{..}{..} </channel> </rss>",""
"src/app/glossary/[term]/page.tsx","31","OK","","{..}: definition & worked example | Matthews Hotel Markets",""
"src/app/glossary/[term]/page.tsx","155","OK","","By {..} , {..} · Matthews Hotel Markets",""
"src/app/glossary/[term]/page.tsx","370","OK","","Talk to us",""
"src/app/glossary/page.tsx","14","OK","","Hotel Investment Glossary | Matthews Hotel Markets",""
"src/app/hotels-for-sale/[brand]/opengraph-image.tsx","5","OK","","Brand-flag hotel for sale | Matthews Hotel Markets",""
"src/app/hotels-for-sale/[brand]/opengraph-image.tsx","22","OK","","{..} for sale: investment sales specialists, Matthews Hotel Markets",""
"src/app/hotels-for-sale/[brand]/opengraph-image.tsx","39","OK","","Matthews Hotel Markets",""
"src/app/hotels-for-sale/[brand]/page.tsx","88","OK","","{..} for Sale | Matthews Hotel Markets",""
"src/app/hotels-for-sale/[brand]/page.tsx","180","OK","","Active Matthews listings",""
"src/app/hotels-for-sale/[brand]/page.tsx","218","OK","","Our activity",""
"src/app/hotels-for-sale/[brand]/page.tsx","299","OK","","Markets where we sell {..}",""
"src/app/hotels-for-sale/[brand]/page.tsx","353","OK","","Talk to the team.",""
"src/app/hotels-for-sale/[brand]/page.tsx","357","OK","","Talk to us",""
"src/app/hotels-for-sale/page.tsx","147","OK","","Flags we cover, by parent company",""
"src/app/hotels-for-sale/page.tsx","155","OK","","Hotel flags covered by Matthews Hotel Markets, with parent company, segment and who buys them.",""
"src/app/hotels-for-sale/page.tsx","236","OK","","The metros we cover",""
"src/app/insights/[slug]/opengraph-image.tsx","6","OK","","Hotel investment insights | Matthews Hotel Markets",""
"src/app/insights/[slug]/opengraph-image.tsx","27","OK","","Matthews Hotel Markets",""
"src/app/insights/[slug]/page.tsx","29","OK","","Matthews Hotel Markets",""
"src/app/insights/page.tsx","14","OK","","Quarterly hotel investment outlooks, white papers, and market briefings from Matthews Hotel Markets.",""
"src/app/insights/page.tsx","18","OK","","Hotel Investment Insights | Matthews Hotel Markets",""
"src/app/layout.tsx","49","OK","","Matthews Hotel Markets | National Hotel Investment Sales & Brokerage",""
"src/app/layout.tsx","50","OK","","%s | Matthews Hotel Markets",""
"src/app/layout.tsx","68","OK","","Matthews Real Estate Investment Services",""
"src/app/layout.tsx","82","OK","","Matthews Hotel Markets | Insights",""
"src/app/listings/[slug]/opengraph-image.tsx","5","OK","","Hotel for sale | Matthews Hotel Markets",""
"src/app/listings/[slug]/opengraph-image.tsx","39","OK","","Matthews Hotel Markets",""
"src/app/listings/page.tsx","14","OK","","Active hotel investment listings from Matthews Hotel Markets.",""
"src/app/listings/page.tsx","17","OK","","Hotels for Sale | Matthews Hotel Markets",""
"src/app/markets/[city]/opengraph-image.tsx","5","OK","","Hotel market | Matthews Hotel Markets",""
"src/app/markets/[city]/opengraph-image.tsx","39","OK","","Matthews Hotel Markets",""
"src/app/markets/[city]/page.tsx","51","OK","","Hotels for Sale in {..}, {..} | Matthews Hotel Markets",""
"src/app/markets/[city]/page.tsx","167","OK","","Active Matthews listings",""
"src/app/markets/[city]/page.tsx","175","OK","","Recent Matthews closes",""
"src/app/markets/[city]/page.tsx","204","CHECK","cites a first-party dataset: confirm it exists and supports the figure, else remove","Market Pulse, Matthews Hotel Markets internal underwriting (Q1 2026).",""
"src/app/markets/[city]/page.tsx","280","OK","","Recent {..} closes by Matthews",""
"src/app/markets/[city]/page.tsx","314","OK","","Brand flags we sell in {..}",""
"src/app/markets/[city]/page.tsx","399","OK","","Talk to our {..} team.",""
"src/app/markets/[city]/page.tsx","403","OK","","Talk to us",""
"src/app/markets/page.tsx","41","OK","","Hotel cap rates, ADR, RevPAR and occupancy across the {..} U.S. metros {..} covers, from the Matthews Hotel Index for {..}.",""
"src/app/markets/page.tsx","44","OK","","Hotel Markets We Cover | {..}",""
"src/app/markets/page.tsx","140","OK","","{..} metros across Texas, the Sun Belt and the Mountain West, each with its own cap rate bands, ADR and RevPAR ranges from the Matthews Hotel Index for {..} , published {..} .",""
"src/app/markets/page.tsx","152","OK","","Matthews Hotel Index, {..} , by metro",""
"src/app/markets/page.tsx","160","OK","","Matthews Hotel Index {..} : cap rate bands, ADR, RevPAR and occupancy for each covered metro.",""
"src/app/markets/page.tsx","227","OK","","Source: Matthews Hotel Index, {..} , published {..} .",""
"src/app/markets/page.tsx","286","OK","","The Matthews Hotel Index",""
"src/app/markets/page.tsx","294","OK","","If your metro is not on this list, we still cover it.",""
"src/app/markets/page.tsx","294","OK","","These are the {..} where we publish quarterly index data.",""
"src/app/markets/page.tsx","320","OK","","a range we do not publish yet",""
"src/app/offices/[slug]/opengraph-image.tsx","5","OK","","Matthews Hotel Markets office",""
"src/app/offices/[slug]/opengraph-image.tsx","22","OK","","{..} | Matthews Hotel Markets {..}, {..}",""
"src/app/offices/[slug]/opengraph-image.tsx","39","OK","","Matthews Hotel Markets",""
"src/app/offices/[slug]/page.tsx","40","OK","","{..} Hotel Brokers | Matthews Hotel Markets {..} Office",""
"src/app/offices/[slug]/page.tsx","41","OK","","Matthews Hotel Markets {..}, {..}. {..} {..}",""
"src/app/offices/[slug]/page.tsx","132","OK","","Matthews Hotel Markets {..}.",""
"src/app/offices/[slug]/page.tsx","204","OK","","Talk to the team",""
"src/app/opengraph-image.tsx","4","OK","","Matthews Hotel Markets | National Hotel Investment Sales & Brokerage",""
"src/app/opengraph-image.tsx","25","OK","","Matthews Hotel Markets",""
"src/app/press/page.tsx","140","OK","","We do not publish a media phone line.",""
"src/app/press/page.tsx","146","OK","","We would rather show an empty list than pad one.",""
"src/app/press/page.tsx","153","OK","","What we can talk about, with data",""
"src/app/press/page.tsx","159","OK","","The Matthews Hotel Index : quarterly cap rate bands, ADR, RevPAR and occupancy across 14 metros, built from public research.",""
"src/app/press/page.tsx","170","OK","","The monthly hotel rate sheet : dated public benchmarks and published SBA program rules, with every cell we cannot source marked not yet published.",""
"src/app/press/page.tsx","190","OK","","Hotel financing statistics : sourced and dated, including a visible list of the figures we rejected and why.",""
"src/app/press/page.tsx","204","OK","","It is the same sentence used in our schema markup, on /about , in the footer and in llms.txt .",""
"src/app/press/page.tsx","251","OK","","If you need higher-resolution files or a logo package, email {..} and we will send them.",""
"src/app/press/page.tsx","261","OK","","Our company page is on LinkedIn .",""
"src/app/press/page.tsx","274","OK","","Email us and say so in the subject line.",""
"src/app/press/page.tsx","274","OK","","We will give you what we can source and tell you plainly what we cannot.",""
"src/app/process/page.tsx","13","OK","","How to sell a hotel: a four-phase, 24-week marketing playbook from Matthews Hotel Markets.",""
"src/app/process/page.tsx","17","OK","","How to Sell a Hotel | Matthews Hotel Markets",""
"src/app/process/page.tsx","26","OK","","Four-phase, 24-week hotel disposition playbook from Matthews Hotel Markets.",""
"src/app/rates/[edition]/page.tsx","32","OK","","Hotel Loan Rate Sheet, {..} | Matthews",""
"src/app/rates/[edition]/page.tsx","35","OK","","Archived {..} hotel loan rate sheet from Matthews Hotel Markets, kept exactly as published so a citation to it stays true.",""
"src/app/rates/_components/MhdiChart.tsx","54","OK","","Matthews Hotel Debt Index chart with no readings published yet.",""
"src/app/rates/_components/MhdiChart.tsx","55","OK","","Matthews Hotel Debt Index, {..} monthly readings.",""
"src/app/rates/_components/RateCell.tsx","30","OK","","Matthews Hotel Markets observation {..} {..}",""
"src/app/rates/_components/RateSheetView.tsx","74","OK","","What the public benchmarks say, and what we have not published yet.",""
"src/app/rates/_components/RateSheetView.tsx","140","OK","","Nobody publishes those, and we have not yet released our own figure for them.",""
"src/app/rates/_components/RateSheetView.tsx","140","OK","","We would rather show you the gap than fill it with a number we made up.",""
"src/app/rates/_components/RateSheetView.tsx","170","OK","","The as-of date is the date of the observation, not the date we fetched it.",""
"src/app/rates/_components/RateSheetView.tsx","344","OK","","The MHDI is the debt-side companion to the Matthews Hotel Index , which publishes quarterly cap rates, ADR and RevPAR across 14 markets from public sources.",""
"src/app/rates/_components/RateSheetView.tsx","526","OK","","Related: Matthews Hotel Index &middot; Hotel financing statistics &middot; Glossary &middot; Research",""
"src/app/rates/methodology/page.tsx","26","OK","","Rate Sheet Methodology | Matthews Hotel Markets",""
"src/app/rates/methodology/page.tsx","28","OK","","How the Matthews Hotel Markets rate sheet is built: which numbers come from public sources, which come from live quotes, and which are not published at all.",""
"src/app/rates/methodology/page.tsx","34","OK","","Which numbers are public, which are our observations, and which we do not publish.",""
"src/app/rates/methodology/page.tsx","47","OK","","We show that cell as empty rather than fill it with a guess.",""
"src/app/rates/methodology/page.tsx","63","OK","","The Matthews Hotel Debt Index starts with its first published reading.",""
"src/app/rates/methodology/page.tsx","67","OK","","Yes, under CC BY 4.0, with attribution to Matthews Hotel Markets and a link.",""
"src/app/rates/methodology/page.tsx","77","OK","","How the Matthews Hotel Markets hotel loan rate sheet is built, sourced and refreshed.",""
"src/app/rates/methodology/page.tsx","109","OK","","Sources, definitions, and what we refuse to publish.",""
"src/app/rates/methodology/page.tsx","155","OK","","We do not have it, or we have not released it.",""
"src/app/rates/methodology/page.tsx","166","OK","","These are the exact publishers we read, in the order the sheet lists them.",""
"src/app/rates/methodology/page.tsx","166","OK","","The as-of date on the sheet is the date of the observation, not the date we ran the script.",""
"src/app/rates/methodology/page.tsx","211","OK","","The structure is fixed, so we cannot quietly swap in a lower-rate loan type on a month we want the number to fall.",""
"src/app/rates/methodology/page.tsx","221","OK","","How it relates to the Matthews Hotel Index",""
"src/app/rates/methodology/page.tsx","224","OK","","The Matthews Hotel Index is quarterly, covers 14 markets, and measures cap rates, ADR, RevPAR and occupancy from public research.",""
"src/app/rates/methodology/page.tsx","286","OK","","Matthews Hotel Index",""
"src/app/rates/opengraph-image.tsx","5","OK","","Matthews Hotel Markets Hotel Loan Rate Sheet",""
"src/app/rates/opengraph-image.tsx","36","OK","","Matthews Hotel Markets",""
"src/app/rates/page.tsx","15","OK","","Hotel Loan Rate Sheet, {..} | Matthews",""
"src/app/rates/page.tsx","23","OK","","Public benchmarks with sources and dates, plus what we have not published yet.",""
"src/app/rates/page.tsx","23","OK","","Updated monthly by Matthews Hotel Markets.",""
"src/app/research/mhi/[quarter]/page.tsx","33","OK","","Matthews Hotel Index, {..} | Quarterly Cap Rate Dataset",""
"src/app/research/mhi/[quarter]/page.tsx","60","OK","","Matthews Hotel Index, {..}",""
"src/app/research/mhi/[quarter]/page.tsx","118","OK","","Matthews Hotel Index",""
"src/app/research/mhi/[quarter]/page.tsx","281","OK","","The monthly hotel rate sheet prices the debt against it, and the Matthews Hotel Debt Index is a separate monthly series with its own rules.",""
"src/app/research/mhi/[quarter]/page.tsx","342","OK","","Talk to the team",""
"src/app/research/page.tsx","16","OK","","Hotel Investment Research | Matthews Hotel Markets",""
"src/app/research/page.tsx","18","OK","","The Matthews Hotel Index, long-form insights, and market commentary on hospitality investment sales and capital markets.",""
"src/app/research/page.tsx","23","OK","","Matthews Hotel Index quarterly cap-rate dataset, long-form insights, and market commentary.",""
"src/app/research/page.tsx","43","OK","","Matthews Hotel Index quarterly cap-rate dataset, long-form insights, and market commentary from Matthews Hotel Markets.",""
"src/app/research/page.tsx","50","OK","","Matthews Hotel Index, {..}",""
"src/app/research/page.tsx","87","OK","","The Matthews Hotel Index tracks cap rates, ADR, and RevPAR across fourteen U.S. hotel markets.",""
"src/app/research/page.tsx","100","OK","","Matthews Hotel Index",""
"src/app/research/page.tsx","136","OK","","Every cell we cannot source reads &ldquo;Not yet published&rdquo; with a one-line reason.",""
"src/app/research/page.tsx","154","OK","","It is a separate dataset from the Matthews Hotel Index, never averaged with it, and its history is never backfilled.",""
"src/app/research/page.tsx","166","OK","","Sourced and dated hotel financing statistics, including the figures we checked and rejected, are at /data/hotel-financing-statistics .",""
"src/app/services/[slug]/opengraph-image.tsx","5","OK","","Hotel brokerage services | Matthews Hotel Markets",""
"src/app/services/[slug]/opengraph-image.tsx","21","OK","","{..} | Matthews Hotel Markets",""
"src/app/services/[slug]/opengraph-image.tsx","37","OK","","Matthews Hotel Markets",""
"src/app/services/[slug]/page.tsx","29","OK","","{..} | Matthews Hotel Markets",""
"src/app/services/[slug]/page.tsx","117","OK","","Who we serve",""
"src/app/services/page.tsx","43","OK","","What We Do | {..}",""
"src/app/services/page.tsx","154","OK","","Matthews Hotel Markets service lines, who each one is for, and the deal size each one covers.",""
"src/app/services/page.tsx","232","OK","","Where we work from",""
"src/app/services/page.tsx","248","OK","","Talk to the team",""
"src/app/team/[slug]/opengraph-image.tsx","5","OK","","Hotel broker | Matthews Hotel Markets",""
"src/app/team/[slug]/opengraph-image.tsx","20","OK","","Matthews Hotel Markets",""
"src/app/team/[slug]/page.tsx","49","OK","","Hotel investment sales and {..} at Matthews Hotel Markets.",""
"src/app/team/page.tsx","22","OK","","Meet the Matthews Hotel Markets team.",""
"src/app/team/page.tsx","25","OK","","Hotel Brokers & Capital Markets Team | Matthews Hotel Markets",""
"src/app/team/page.tsx","35","OK","","Hotel brokers and capital markets advisors at Matthews Hotel Markets.",""
"src/app/team/page.tsx","95","OK","","{..} people cover hospitality across the Matthews platform. {..} of them publish a full profile here: Luke Thompson and Nate Solomon in Austin, Miles Cortez III in Denver.",""
"src/app/team/page.tsx","95","OK","","More about the team .",""
"src/app/tools/page.tsx","148","OK","","It gives a screening range from the cap rate bands in the {..} Matthews Hotel Index, less your PIP.",""
"src/app/tools/page.tsx","179","OK","","The only cap rates we publish are the index bands the value estimator uses, shown with their quarter.",""
"src/app/tools/page.tsx","202","OK","","Matthews Hotel Index, {..}",""
"src/app/tools/page.tsx","215","OK","","Send us your trailing twelve-month statement and we will run these numbers on your hotel.",""
"src/app/tools/page.tsx","221","OK","","Have us run your numbers",""
"src/components/answers/AnswerPageView.tsx","285","OK","","From our rate sheet",""
"src/components/answers/AnswerPageView.tsx","286","OK","","From the Matthews Hotel Index",""
"src/components/answers/AnswerPageView.tsx","568","OK","","Our own data",""
"src/components/layout/SiteFooter.tsx","61","OK","","Matthews Hotel Index",""
"src/components/layout/SiteHeader.tsx","111","OK","","Matthews, home",""
"src/components/sections/closed/ClosedHero.tsx","40","CHECK","process or track-record phrasing: confirm","A representative slice of recent hospitality transactions across the team.",""
"src/components/sections/closed/ClosedTable.tsx","110","CHECK","process or track-record phrasing: confirm","Try clearing filters above to see the full track record.",""
"src/components/sections/contact/ContactForm.tsx","191","OK","","How can we help?",""
"src/components/sections/contact/ContactForm.tsx","244","CHECK","response-time promise: confirm (site shows both 24 hours and one business day)","We respond within 24 hours.",""
"src/components/sections/contact/ContactForm.tsx","245","OK","","We’ll never share your contact info.",""
"src/components/sections/contact/ContactHero.tsx","17","OK","","Talk to us.",""
"src/components/sections/contact/ContactHero.tsx","18","CHECK","response-time promise: confirm (site shows both 24 hours and one business day)","We respond within one business day.",""
"src/components/sections/contact/ContactHero.tsx","22","OK","","Pick the channel that fits and we&rsquo;ll route you to the right broker.",""
"src/components/sections/home/HomeClosedTeaser.tsx","19","CHECK","process or track-record phrasing: confirm","Track record",""
"src/components/sections/home/HomeClosedTeaser.tsx","25","CHECK","process or track-record phrasing: confirm","The Matthews hospitality team has executed across the full spectrum of hotel investment, select-service, full-service, resort, and lifestyle.",""
"src/components/sections/home/HomeClosedTeaser.tsx","25","CHECK","process or track-record phrasing: confirm","Each transaction underwritten with deep market intelligence and closed with the conviction sellers and buyers expect from a platform proven at every scale.",""
"src/components/sections/home/HomeHero.tsx","69","OK","","Matthews Hotel Markets",""
"src/components/sections/home/HomeHero.tsx","86","OK","","Whether you want to finance a hotel purchase, refinance a property you own, or sell a hotel, we are here to help.",""
"src/components/sections/home/HomeHero.tsx","102","OVERREACH","unfixed","Loans from $5M, experience up to $200M, every chain scale.",""
"src/components/sections/home/HomeHero.tsx","123","OK","","Talk to us",""
"src/components/sections/home/HomeInsightTeaser.tsx","31","OVERREACH","unfixed","Our quarterly outlook synthesizes proprietary transaction data with Smith Travel and Trepp benchmarks to map where hotel cap rates compress, where ADR recovery is real, and where under-the-radar markets reward early conviction in 2026.",""
"src/components/sections/home/HomeInsightTeaser.tsx","112","OK","","March 2026 · Matthews Hotel Markets",""
"src/components/sections/home/HomeStats.tsx","25","OK","","Matthews Hospitality · {..} &ndash; {..}",""
"src/components/sections/home/HomeWhy.tsx","29","OK","","The Matthews Hotel Index tracks cap rates, ADR and RevPAR across {..} metros, republished every quarter.",""
"src/components/sections/home/HomeWhy.tsx","38","OK","","We build the buyer list per asset rather than blasting one database.",""
"src/components/sections/home/HomeWhy.tsx","50","CHECK","process or track-record phrasing: confirm","Hospitality clients tap a platform proven at every scale.",""
"src/components/sections/home/HomeWhy.tsx","59","OK","","Why Matthews",""
"src/components/sections/home/HomeWhy.tsx","99","OK","","Source: {..} Our own hospitality transactions are published at /closed .",""
"src/components/sections/insight-detail/InsightLayout.tsx","154","OK","","By Matthews Hotel Markets",""
"src/components/sections/insight-detail/InsightLayout.tsx","160","OK","","By {..} · Matthews Hotel Markets",""
"src/components/sections/insight-detail/InsightLayout.tsx","466","OK","","Talk to the team.",""
"src/components/sections/insight-detail/InsightLayout.tsx","470","OK","","Talk to us",""
"src/components/sections/insights/InsightsHero.tsx","30","OK","","Cap rates, ADR, and what we're seeing on the ground.",""
"src/components/sections/listing-detail/ListingSimilar.tsx","25","OK","","More from the team.",""
"src/components/sections/process/ProcessHero.tsx","13","CHECK","process or track-record phrasing: confirm","A 24-week proven path.",""
"src/components/sections/process/ProcessHero.tsx","15","OK","","Sellers see exactly what happens, when it happens, and what we deliver at every step.",""
"src/components/sections/team/TeamHero.tsx","20","OK","","Matthews Hotel Markets Team",""
"src/components/sections/team-detail/TeamDetailHero.tsx","46","OK","","Matthews Hotel Markets",""
"src/components/sections/team-detail/TeamTopDeals.tsx","51","CHECK","process or track-record phrasing: confirm","Named track record",""
"src/lib/data/answers/hotel-financing/eb-5-financing.ts","","OVERREACH","fixed 2026-09-18","Matthews Hotel Markets arranges the senior debt that EB-5 capital sits behind, so we plan for what happens to the construction loan if the EB-5 money arrives late.","Matthews Hotel Markets does not raise or place EB-5 capital. It arranges hotel construction, bridge and permanent debt, the senior loans an EB-5 tranche would sit behind."
"src/lib/data/answers/hotel-financing/usda-b-and-i-loans.ts","","OVERREACH","fixed 2026-09-18","Matthews Hotel Markets prices USDA B&I next to SBA and conventional debt on rural hotels, because a 40-year ceiling on the term changes the coverage math.","Matthews Hotel Markets does not originate or package USDA B&I loans. It arranges SBA 7(a), SBA 504 and conventional hotel debt, the options a rural hotel owner would compare a B&I loan against."
"src/lib/data/answers/hotel-financing/usda-b-and-i-loans.ts","","OVERREACH","fixed 2026-09-18","label: ""Ask whether your hotel's address qualifies""","label: ""Talk through financing your hotel"""
"src/lib/data/answers/hotel-financing/historic-tax-credits.ts","","OVERREACH","fixed 2026-09-18","Matthews Hotel Markets sizes the senior loan on historic hotel projects around the fact that credit equity arrives after the hotel reopens, not before.","Matthews Hotel Markets does not syndicate or place historic tax credits. It arranges the construction, renovation and bridge debt a hotel project carries while it waits for credit equity."
"src/lib/data/answers/hotel-financing/historic-tax-credits.ts","","OVERREACH","fixed 2026-09-18","label: ""Talk through financing a historic hotel renovation""","label: ""Talk through your hotel renovation loan"""
"src/lib/data/answers/hotel-financing/opportunity-zones.ts","","OVERREACH","fixed 2026-09-18","When a seller has a large gain, Matthews Hotel Markets looks at the closing date and the reinvestment date together, because in late 2026 the two can land under different rules.","Matthews Hotel Markets does not run opportunity zone funds or give tax advice. It sells hotels, represents hotel buyers and arranges hotel financing, and your CPA decides how a gain is reinvested."
"src/lib/data/answers/hotel-financing/opportunity-zones.ts","","OVERREACH","fixed 2026-09-18","label: ""Talk through your hotel sale and reinvestment plan""","label: ""Talk through selling or financing your hotel"""
"src/lib/data/answers/hotel-valuation/property-tax-appeal.ts","","OVERREACH","fixed 2026-09-18","Matthews Hotel Markets values hotels for owners who are deciding whether to sell, refinance or hold, and the same income analysis is the starting point for a tax appeal.","Matthews Hotel Markets does not file or argue property tax appeals and is not an appraiser. It prepares free broker opinions of value for hotel owners deciding whether to sell, refinance or hold."
"src/lib/data/answers/hotel-valuation/appraisal-lower-than-expected.ts","","OVERREACH","fixed 2026-09-18","label: ""Have us reconcile the appraisal with your numbers""","label: ""Ask for a broker opinion of value"""
"src/lib/data/answers/hotel-valuation/appraisal-lower-than-expected.ts","","OVERREACH","fixed 2026-09-18","Matthews Hotel Markets reads a lender appraisal next to the owner's financials, starting with the income statement, where the example above puts most of the gap.","Matthews Hotel Markets is a brokerage, not an appraiser. It prepares free broker opinions of value, which an owner can set next to a lender's appraisal, starting with the income statement, where the example above puts most of the gap."
"src/lib/data/answers/hotel-financing/lenders-under-5-million.ts","","OVERREACH","fixed 2026-09-18","Matthews Hotel Markets quotes SBA, USDA and conventional options side by side on small hotel loans, because the program that fits is rarely the first one a buyer calls.","Matthews Hotel Markets arranges SBA 7(a), SBA 504 and conventional hotel debt and compares them side by side, because the program that fits is rarely the first one a buyer calls."
"src/lib/data/answers/hotel-financing/1031-exchange-hotels.ts","","OVERREACH","fixed 2026-09-18","Matthews Hotel Markets is frequently brought in on day one of a 45-day window, and the honest advice is always the same: start before the clock does.","Matthews Hotel Markets represents 1031 buyers of hotels, and the honest advice is always the same: start before the clock does."
"src/lib/data/answers/hotel-financing/loan-workouts.ts","","OVERREACH","fixed 2026-09-18","Matthews Hotel Markets is often brought in at the transfer, and the first thing we produce is a value opinion, because you cannot negotiate a workout without one.","Matthews Hotel Markets prepares free broker opinions of value, and a value opinion is the first thing a borrower needs at the transfer, because you cannot negotiate a workout without one."
"src/lib/data/answers/hotel-financing/refinance-or-sell.ts","","OVERREACH","fixed 2026-09-18","Matthews Hotel Markets runs both sides of this for owners, and a fair number of those conversations end with us saying hold.","Matthews Hotel Markets arranges hotel refinancing and sells hotels, so it can run both sides of this for an owner, and it will say hold when the numbers say hold."
"src/lib/data/answers/hotel-financing/loan-requirements.ts","","OVERREACH","fixed 2026-09-18","Matthews Hotel Markets runs this package for clients before the first lender call, which is why our quotes come back sized rather than caveated.","Matthews Hotel Markets assembles this package with clients before the first lender call, so a lender can size the loan from a complete file."
"src/lib/data/answers/sell-a-hotel/how-to-choose-a-hotel-broker.ts","","OVERREACH","fixed 2026-09-18","Matthews Hotel Markets has told clients to hold when a cap-rate cycle or a near-term PIP made selling the wrong move for that owner's goals.","Matthews Hotel Markets will tell a client to hold when a cap-rate cycle or a near-term PIP makes selling the wrong move for that owner's goals."
"src/lib/data/insights.ts","","OVERREACH","fixed 2026-09-18","We are seeing PIP-current Hampton Inns and Holiday Inn Express boxes change hands at high-7s when the underwriting room-night growth is plausible, low-8s when there is a story to tell about the comp set.","(deleted)"
"src/lib/data/insights.ts","","OVERREACH","fixed 2026-09-18","Our conviction here is high enough that we are tracking eight separate recap conversations actively as of this writing.","(deleted)"
"src/lib/data/insights.ts","","OVERREACH","fixed 2026-09-18","""Underwriting implication. We are advising sponsors to underwrite Texas secondary select-service assets at 78 percent of the market's stabilized RevPAR for the first twelve months, then escalate at 4.5 percent annually through year three. That is roughly 200 basis points more aggressive than the consensus underwriting we are seeing on the buy side, and our trailing-twelve-month transaction performance supports it. Of the eight Texas secondary select-service deals we closed in 2024 and 2025, six produced first-year RevPAR above 82 percent of the market stabilized number."",","(deleted)"
"src/lib/data/insights.ts","","OVERREACH","fixed 2026-09-18","carry well-documented commodity-price risk, and we exclude them from the core Texas secondary recommendation.","carry well-documented commodity-price risk, and this paper excludes them from the core Texas secondary basket."
"src/lib/data/insights.ts","","OVERREACH","fixed 2026-09-18","Investment surface. The three trades we have actively in market or recently closed in this category have all priced in the 6.5 to 7.5 percent cap range on stabilized cash flow, with sponsors showing 18 to 24 percent unlevered IRRs at exit. That is full-service luxury return geometry on select-service operating risk. We expect","Investment surface. We expect"
"src/lib/data/insights.ts","","OVERREACH","fixed 2026-09-18","Sellers we have advised in the first half of 2026 are increasingly choosing this path for assets where their forward RevPAR view is moderate rather than aggressive."",","This path fits assets where the owner's forward RevPAR view is moderate rather than aggressive."","
"src/lib/data/insights.ts","","OVERREACH","fixed 2026-09-18","What we are advising. We are running BOVs alongside refinance evaluations for any client facing a 2026 or 2027 maturity. The cost","What to do now. Matthews Hotel Markets prepares free broker opinions of value and arranges hotel refinancing, so an owner facing a 2026 or 2027 maturity can run both paths side by side. The cost"
"src/lib/data/insights.ts","","OVERREACH","fixed 2026-09-18","Early indicators from Matthews investor relationships ahead of the full Q3 2026 Investor Outlook survey.","Early indicators from investor conversations ahead of the full Q3 2026 Investor Outlook survey."
"src/lib/data/insights.ts","","OVERREACH","fixed 2026-09-18","an annual survey of 500+ hotel investor relationships covering","an annual survey of hotel investors covering"
"src/lib/data/insights.ts","","OVERREACH","fixed 2026-09-18","The pattern we are hearing. Three out of four hotel investors who deployed into primary urban metros in the 2018 to 2022 vintage are now actively rotating Sun Belt secondary on the next vintage.","The pattern we are hearing. Hotel investors who deployed into primary urban metros in the 2018 to 2022 vintage are looking at Sun Belt secondary for the next vintage."
"src/lib/data/insights.ts","","OVERREACH","fixed 2026-09-18","The deal pace we are seeing for family-office buyers in Sun Belt secondary markets has roughly doubled year-over-year through the first half of 2026.","(deleted)"
"src/lib/data/insights-articles/brand-flag-cap-rate-guide-2026.ts","","OVERREACH","fixed 2026-09-18","This is the working guide our team uses to brief sellers and buyers in the first call.","This guide sets out those bands for sellers and buyers, flag by flag."
"src/lib/data/insights-articles/hotel-adr-revpar-recovery-2026.ts","","OVERREACH","fixed 2026-09-18","What we are advising clients in May 2026. For owners","What this means in May 2026. For owners"
"src/lib/data/insights-articles/hotel-cmbs-distress-trepp-2026.ts","","OVERREACH","fixed 2026-09-18","What we are advising clients in May 2026. For owners","What this means in May 2026. For owners"
"src/lib/data/insights-articles/hotel-refinancing-wave-2026.ts","","OVERREACH","fixed 2026-09-18","Sellers we have advised in the first half of 2026 are increasingly choosing this path for assets where their forward RevPAR view is moderate rather than aggressive, and where the brand-standard PIP would consume any equity injection within 18 months anyway. Matthews maintains active sale-side dialogue across the [Texas Triangle](/markets/austin-tx), the [Sun Belt secondary basket](/markets/nashville-tn), and the [Mountain West corridor](/markets/denver-co).","This path fits assets where the owner's forward RevPAR view is moderate rather than aggressive, and where the brand-standard PIP would consume any equity injection within 18 months anyway. Matthews Hotel Markets sells hotels nationwide, including the [Texas Triangle](/markets/austin-tx), the [Sun Belt secondary basket](/markets/nashville-tn), and the [Mountain West corridor](/markets/denver-co)."
"src/lib/data/insights-articles/hotel-refinancing-wave-2026.ts","","OVERREACH","fixed 2026-09-18","We frequently run BOVs and refinance scenario models in parallel for clients facing 2026 and 2027 maturities; the cost","Matthews Hotel Markets prepares free broker opinions of value and arranges hotel refinancing, so an owner facing a 2026 or 2027 maturity can run both in parallel; the cost"
"src/lib/data/insights-articles/hotel-refinancing-wave-2026.ts","","OVERREACH","fixed 2026-09-18","Matthews runs BOVs (Broker Opinion of Value) alongside refinance scenario models for clients facing 2026 and 2027 maturities.","Matthews Hotel Markets prepares free BOVs (Broker Opinion of Value) and arranges hotel refinancing, so an owner facing a 2026 or 2027 maturity can compare both paths."
"src/lib/data/insights-articles/how-to-sell-a-hotel-2026.ts","","OVERREACH","fixed 2026-09-18","We run BOVs alongside refinance evaluations for clients facing this decision so the math is on paper before the call is made.","Matthews Hotel Markets prepares free BOVs and arranges hotel refinancing, so the math on both can be on paper before the call is made."
"src/lib/data/insights-articles/sun-belt-hospitality-investment-2026.ts","","OVERREACH","fixed 2026-09-18","Matthews maintains active sale-side, buy-side, and recapitalization mandates across all six Sun Belt states; the [team contact page](/team) lists the broker assigned to each market.","Matthews Hotel Markets sells hotels, represents buyers and arranges hotel financing nationwide, including all six Sun Belt states; the [team contact page](/team) lists the brokers."
"src/lib/data/insights-articles/sun-belt-hospitality-investment-2026.ts","","OVERREACH","fixed 2026-09-18","Matthews maintains broker coverage across all six Sun Belt states. Reach","Matthews Hotel Markets works nationwide, including all six Sun Belt states. Reach"
"src/lib/data/brands.ts","","OVERREACH","fixed 2026-09-18","Matthews has closed Hampton Inn dispositions across Texas, the Sun Belt, and the Midwest. We currently advise on Hampton acquisitions and dispositions ranging from single-asset to multi-property portfolios.","Matthews Hotel Markets sells and arranges financing for Hampton hotels. Published Hampton transactions at /closed include sales and financings in Texas, Georgia, Iowa and Oklahoma."
"src/lib/data/brands.ts","","OVERREACH","fixed 2026-09-18","Matthews advises on HIE dispositions, capital markets placement, and acquisition mandates across the Sun Belt, Midwest, and Mountain West. Hampton Inn Portfolio Atlanta and the broader Sun Belt HIE pipeline have been recent areas of focus.","Matthews Hotel Markets sells and arranges financing for Holiday Inn Express hotels. Published Holiday Inn Express transactions in Georgia and Texas are listed at /closed."
"src/lib/data/brands.ts","","OVERREACH","fixed 2026-09-18","Active Marriott dispositions span Courtyard, Fairfield, and Residence Inn flags across Texas, the Sun Belt, and Mountain West.","Published Marriott-family transactions at /closed include Courtyard, Residence Inn and full-service Marriott hotels."
"src/lib/data/brands.ts","","OVERREACH","fixed 2026-09-18","Active Hilton transactions include Hilton Garden Inn, Home2 Suites, and DoubleTree across the Sun Belt.","Published Hilton transactions at /closed include Hilton Garden Inn and Home2 Suites hotels."
"src/lib/data/brands.ts","","OVERREACH","fixed 2026-09-18","Active across Holiday Inn Express portfolios, Staybridge Suites dispositions, and select-service IHG capital markets placements.","Published IHG transactions at /closed include Holiday Inn Express, Holiday Inn, Staybridge Suites and Crowne Plaza hotels."
"src/lib/data/brands.ts","","OVERREACH","fixed 2026-09-18","Best Western dispositions across Texas, the Midwest, and Mountain West. Track record includes multiple Best Western and Best Western Plus closes.","Matthews Hotel Markets sells and arranges financing for Best Western family hotels nationwide. Every transaction the team publishes is listed at /closed."
"src/lib/data/brands.ts","","OVERREACH","fixed 2026-09-18","Active Hyatt transactions span Hyatt Place and Hyatt House select-service through full-service Hyatt Regency assets.","Matthews Hotel Markets sells and arranges financing for Hyatt family hotels nationwide. Every transaction the team publishes is listed at /closed."
"src/lib/data/brands.ts","","OVERREACH","fixed 2026-09-18","Active Choice transactions span Comfort Inn, Quality Inn, and WoodSpring Suites across Texas, the Sun Belt, and the Midwest.","Published Choice-family transactions at /closed include Quality Inn, Country Inn & Suites and Radisson hotels."
"src/lib/data/brands.ts","","OVERREACH","fixed 2026-09-18","Active Wyndham transactions span La Quinta and Days Inn family flags across Texas and the Sun Belt.","Published Wyndham transactions at /closed include La Quinta and Ramada hotels in Texas."
"src/lib/data/brands.ts","","OVERREACH","fixed 2026-09-18","Holiday Inn Express is documented separately as our most actively traded IHG flag.","Holiday Inn Express is documented separately."
"src/lib/data/services.ts","","OVERREACH","fixed 2026-09-18","We run a 24-week marketing playbook refined across hundreds of closings, with broker-led underwriting,","We run a published 24-week marketing playbook, with broker-led underwriting,"
"src/lib/data/services.ts","","OVERREACH","fixed 2026-09-18","Published timeline, verifiable across past transactions.","The timeline is published at /process."
"src/lib/data/services.ts","","OVERREACH","fixed 2026-09-18","Our hospitality capital markets team has structured loans across every chain scale, from Hampton Inn select-service refinancings to luxury resort recapitalizations.","Published financings at /closed range from Hampton Inn select-service loans to a luxury resort permanent loan."
"src/lib/data/services.ts","","OVERREACH","fixed 2026-09-18","Submarket comps, brand-flag economics, and supply-pipeline reads across the 30+ markets where Matthews is active.","Submarket comps, brand-flag economics, and supply-pipeline reads for the market you are buying in."
"src/lib/data/offices.ts","","OVERREACH","fixed 2026-09-18","Texas accounted for the largest single-state share of the team's 2024 production.","Texas is the largest single-state share of the transactions published at /closed."
"src/lib/seo/faq.ts","","OVERREACH","fixed 2026-09-18","The transaction was sourced through direct relationships with the buyer pool active in this segment and market at the time of close.","(deleted)"
"src/lib/seo/faq.ts","","OVERREACH","fixed 2026-09-18","Active mandates and recent closes are at /listings and /closed. For confidential conversations on a similar disposition or acquisition, the team responds within 24 hours.","Current listings and published closings are at /listings and /closed. For a confidential conversation on a similar disposition or acquisition, reach the team at /contact."
"src/lib/seo/faq.ts","","OVERREACH","fixed 2026-09-18","For confidential disposition or acquisition conversations, the team responds within 24 hours.","For confidential disposition or acquisition conversations, reach the team at /contact."
"src/lib/seo/faq.ts","","OVERREACH","fixed 2026-09-18","is the most common reason a buyer haircuts our pro-forma RevPAR.","is a common reason a buyer haircuts a pro-forma RevPAR."
"src/app/process/page.tsx","","OVERREACH","fixed 2026-09-18","From engagement and underwriting to closing. Refined across hundreds of completed transactions.","From engagement and underwriting to closing."
"src/components/sections/process/ProcessHero.tsx","","OVERREACH","fixed 2026-09-18","phases, twenty-four weeks, refined across hundreds of closed
          transactions. Sellers see","phases, twenty-four weeks. Sellers see"
"src/lib/data/services.ts","","OVERREACH","fixed 2026-09-18","Full capital stack execution. Lender relationships across CMBS, banks, life companies, debt funds, and bridge specialists.","Full capital stack execution. Debt is placed with banks, CMBS lenders, life companies, debt funds, and bridge lenders."
